_id,company_name,salary,url,vacancies_name
https://hh.ru/vacancy/69825729?query=%D0%B0%D0%BD%D0%B0%D0%BB%D0%B8%D1%82%D0%B8%D0%BA%20big%20data,Группа Самолет,"{'от': None, 'до': None, 'валюта': None}",https://hh.ru/vacancy/69825729?query=%D0%B0%D0%BD%D0%B0%D0%BB%D0%B8%D1%82%D0%B8%D0%BA%20big%20data,Data аналитик (Big Data)
https://hh.ru/vacancy/69819410?query=%D0%B0%D0%BD%D0%B0%D0%BB%D0%B8%D1%82%D0%B8%D0%BA%20big%20data,ОООПРОКАТТ,"{'от': None, 'до': None, 'валюта': None}",https://hh.ru/vacancy/69819410?query=%D0%B0%D0%BD%D0%B0%D0%BB%D0%B8%D1%82%D0%B8%D0%BA%20big%20data,Руководитель консультационных проектов\Product owner цифровых продуктов
https://hh.ru/vacancy/68605154?query=%D0%B0%D0%BD%D0%B0%D0%BB%D0%B8%D1%82%D0%B8%D0%BA%20big%20data,ОООIQnergy,"{'от': None, 'до': None, 'валюта': None}",https://hh.ru/vacancy/68605154?query=%D0%B0%D0%BD%D0%B0%D0%BB%D0%B8%D1%82%D0%B8%D0%BA%20big%20data,Data analyst / Аналитик данных
https://hh.ru/vacancy/68581646?query=%D0%B0%D0%BD%D0%B0%D0%BB%D0%B8%D1%82%D0%B8%D0%BA%20big%20data,BIG,"{'от': None, 'до': None, 'валюта': None}",https://hh.ru/vacancy/68581646?query=%D0%B0%D0%BD%D0%B0%D0%BB%D0%B8%D1%82%D0%B8%D0%BA%20big%20data,VC Analyst
https://hh.ru/vacancy/70691137?query=%D0%B0%D0%BD%D0%B0%D0%BB%D0%B8%D1%82%D0%B8%D0%BA%20big%20data,inDriver,"{'от': None, 'до': None, 'валюта': None}",https://hh.ru/vacancy/70691137?query=%D0%B0%D0%BD%D0%B0%D0%BB%D0%B8%D1%82%D0%B8%D0%BA%20big%20data,Data Analyst (Mobility Cluster)
https://hh.ru/vacancy/70471850?query=%D0%B0%D0%BD%D0%B0%D0%BB%D0%B8%D1%82%D0%B8%D0%BA%20big%20data,ОООСтандартПроект,"{'от': None, 'до': None, 'валюта': None}",https://hh.ru/vacancy/70471850?query=%D0%B0%D0%BD%D0%B0%D0%BB%D0%B8%D1%82%D0%B8%D0%BA%20big%20data,Аналитик данных / Data scientist
https://hh.ru/vacancy/55305702?query=%D0%B0%D0%BD%D0%B0%D0%BB%D0%B8%D1%82%D0%B8%D0%BA%20big%20data,"Иннотех, Группа компаний","{'от': None, 'до': None, 'валюта': None}",https://hh.ru/vacancy/55305702?query=%D0%B0%D0%BD%D0%B0%D0%BB%D0%B8%D1%82%D0%B8%D0%BA%20big%20data,Бизнес/Системный аналитик
https://hh.ru/vacancy/66715058?query=%D0%B0%D0%BD%D0%B0%D0%BB%D0%B8%D1%82%D0%B8%D0%BA%20big%20data,EGGНEADS,"{'от': 150000, 'до': None, 'валюта': 'руб.'}",https://hh.ru/vacancy/66715058?query=%D0%B0%D0%BD%D0%B0%D0%BB%D0%B8%D1%82%D0%B8%D0%BA%20big%20data,Аналитик продукта / Product analyst (удалённая работа)
https://hh.ru/vacancy/70040084?query=%D0%B0%D0%BD%D0%B0%D0%BB%D0%B8%D1%82%D0%B8%D0%BA%20big%20data,СберМегаМаркет,"{'от': None, 'до': None, 'валюта': None}",https://hh.ru/vacancy/70040084?query=%D0%B0%D0%BD%D0%B0%D0%BB%D0%B8%D1%82%D0%B8%D0%BA%20big%20data,Руководитель веб и продуктовой аналитики
https://hh.ru/vacancy/70012979?query=%D0%B0%D0%BD%D0%B0%D0%BB%D0%B8%D1%82%D0%B8%D0%BA%20big%20data,Сбер для экспертов,"{'от': None, 'до': None, 'валюта': None}",https://hh.ru/vacancy/70012979?query=%D0%B0%D0%BD%D0%B0%D0%BB%D0%B8%D1%82%D0%B8%D0%BA%20big%20data,Системный аналитик
https://hh.ru/vacancy/67350616?query=%D0%B0%D0%BD%D0%B0%D0%BB%D0%B8%D1%82%D0%B8%D0%BA%20big%20data,ОООФабрика информационных технологий,"{'от': None, 'до': None, 'валюта': None}",https://hh.ru/vacancy/67350616?query=%D0%B0%D0%BD%D0%B0%D0%BB%D0%B8%D1%82%D0%B8%D0%BA%20big%20data,Аналитик
https://hh.ru/vacancy/70110915?query=%D0%B0%D0%BD%D0%B0%D0%BB%D0%B8%D1%82%D0%B8%D0%BA%20big%20data,Datana (ГК ЛАНИТ),"{'от': None, 'до': None, 'валюта': None}",https://hh.ru/vacancy/70110915?query=%D0%B0%D0%BD%D0%B0%D0%BB%D0%B8%D1%82%D0%B8%D0%BA%20big%20data,Руководитель разработки
https://hh.ru/vacancy/70070437?query=%D0%B0%D0%BD%D0%B0%D0%BB%D0%B8%D1%82%D0%B8%D0%BA%20big%20data,ПАОМТС Банк. IT,"{'от': None, 'до': None, 'валюта': None}",https://hh.ru/vacancy/70070437?query=%D0%B0%D0%BD%D0%B0%D0%BB%D0%B8%D1%82%D0%B8%D0%BA%20big%20data,Старший системный аналитик
https://hh.ru/vacancy/70087754?query=%D0%B0%D0%BD%D0%B0%D0%BB%D0%B8%D1%82%D0%B8%D0%BA%20big%20data,"ПАО«МТС», IT","{'от': None, 'до': None, 'валюта': None}",https://hh.ru/vacancy/70087754?query=%D0%B0%D0%BD%D0%B0%D0%BB%D0%B8%D1%82%D0%B8%D0%BA%20big%20data,DevOps engineer на продукт BI Tools (Big Data)
https://hh.ru/vacancy/68581636?query=%D0%B0%D0%BD%D0%B0%D0%BB%D0%B8%D1%82%D0%B8%D0%BA%20big%20data,BIG,"{'от': None, 'до': None, 'валюта': None}",https://hh.ru/vacancy/68581636?query=%D0%B0%D0%BD%D0%B0%D0%BB%D0%B8%D1%82%D0%B8%D0%BA%20big%20data,Financial Analyst
https://hh.ru/vacancy/70151089?query=%D0%B0%D0%BD%D0%B0%D0%BB%D0%B8%D1%82%D0%B8%D0%BA%20big%20data,"ПАО«МТС», IT","{'от': None, 'до': None, 'валюта': None}",https://hh.ru/vacancy/70151089?query=%D0%B0%D0%BD%D0%B0%D0%BB%D0%B8%D1%82%D0%B8%D0%BA%20big%20data,Системный аналитик
https://hh.ru/vacancy/67093765?query=%D0%B0%D0%BD%D0%B0%D0%BB%D0%B8%D1%82%D0%B8%D0%BA%20big%20data,AVON,"{'от': None, 'до': None, 'валюта': None}",https://hh.ru/vacancy/67093765?query=%D0%B0%D0%BD%D0%B0%D0%BB%D0%B8%D1%82%D0%B8%D0%BA%20big%20data,Senior Sales Analyst
https://hh.ru/vacancy/54975410?query=%D0%B0%D0%BD%D0%B0%D0%BB%D0%B8%D1%82%D0%B8%D0%BA%20big%20data,ИНВИТРО,"{'от': None, 'до': None, 'валюта': None}",https://hh.ru/vacancy/54975410?query=%D0%B0%D0%BD%D0%B0%D0%BB%D0%B8%D1%82%D0%B8%D0%BA%20big%20data,Senior Data Engineer
https://hh.ru/vacancy/69355078?query=%D0%B0%D0%BD%D0%B0%D0%BB%D0%B8%D1%82%D0%B8%D0%BA%20big%20data,Ozon Офис и Коммерция,"{'от': None, 'до': None, 'валюта': None}",https://hh.ru/vacancy/69355078?query=%D0%B0%D0%BD%D0%B0%D0%BB%D0%B8%D1%82%D0%B8%D0%BA%20big%20data,Руководитель группы аналитики данных
https://hh.ru/vacancy/69753066?query=%D0%B0%D0%BD%D0%B0%D0%BB%D0%B8%D1%82%D0%B8%D0%BA%20big%20data,ОООЦифровая Жажда,"{'от': 200000, 'до': 300000, 'валюта': 'руб.'}",https://hh.ru/vacancy/69753066?query=%D0%B0%D0%BD%D0%B0%D0%BB%D0%B8%D1%82%D0%B8%D0%BA%20big%20data,Senior Node.js Developer
https://hh.ru/vacancy/70362358?query=%D0%B0%D0%BD%D0%B0%D0%BB%D0%B8%D1%82%D0%B8%D0%BA%20big%20data,"ПАО«МТС», IT","{'от': None, 'до': None, 'валюта': None}",https://hh.ru/vacancy/70362358?query=%D0%B0%D0%BD%D0%B0%D0%BB%D0%B8%D1%82%D0%B8%D0%BA%20big%20data,Аккаунт-менеджер/Account manager
https://hh.ru/vacancy/70359656?query=%D0%B0%D0%BD%D0%B0%D0%BB%D0%B8%D1%82%D0%B8%D0%BA%20big%20data,"ПАО«МТС», IT","{'от': None, 'до': None, 'валюта': None}",https://hh.ru/vacancy/70359656?query=%D0%B0%D0%BD%D0%B0%D0%BB%D0%B8%D1%82%D0%B8%D0%BA%20big%20data,QA engineer на продукт Smart Rollout (Big Data)
https://hh.ru/vacancy/70364815?query=%D0%B0%D0%BD%D0%B0%D0%BB%D0%B8%D1%82%D0%B8%D0%BA%20big%20data,Банк Хоум Кредит,"{'от': None, 'до': None, 'валюта': None}",https://hh.ru/vacancy/70364815?query=%D0%B0%D0%BD%D0%B0%D0%BB%D0%B8%D1%82%D0%B8%D0%BA%20big%20data,DevOps инженер Smart Data
https://hh.ru/vacancy/70332287?query=%D0%B0%D0%BD%D0%B0%D0%BB%D0%B8%D1%82%D0%B8%D0%BA%20big%20data,АВИТО ТЕХ: аналитика,"{'от': None, 'до': None, 'валюта': None}",https://hh.ru/vacancy/70332287?query=%D0%B0%D0%BD%D0%B0%D0%BB%D0%B8%D1%82%D0%B8%D0%BA%20big%20data,Аналитик-разработчик в команду Автобиддинга
https://hh.ru/vacancy/70370436?query=%D0%B0%D0%BD%D0%B0%D0%BB%D0%B8%D1%82%D0%B8%D0%BA%20big%20data,Инфосистемы Джет,"{'от': None, 'до': None, 'валюта': None}",https://hh.ru/vacancy/70370436?query=%D0%B0%D0%BD%D0%B0%D0%BB%D0%B8%D1%82%D0%B8%D0%BA%20big%20data,Ведущий бизнес-аналитик
https://hh.ru/vacancy/67851624?query=%D0%B0%D0%BD%D0%B0%D0%BB%D0%B8%D1%82%D0%B8%D0%BA%20big%20data,ТМК++,"{'от': None, 'до': None, 'валюта': None}",https://hh.ru/vacancy/67851624?query=%D0%B0%D0%BD%D0%B0%D0%BB%D0%B8%D1%82%D0%B8%D0%BA%20big%20data,Эксперт Terrasoft Creatio
https://hh.ru/vacancy/70372424?query=%D0%B0%D0%BD%D0%B0%D0%BB%D0%B8%D1%82%D0%B8%D0%BA%20big%20data,VK,"{'от': None, 'до': None, 'валюта': None}",https://hh.ru/vacancy/70372424?query=%D0%B0%D0%BD%D0%B0%D0%BB%D0%B8%D1%82%D0%B8%D0%BA%20big%20data,ML Engineer в команду Поиска (ВКонтакте)
https://hh.ru/vacancy/70427364?query=%D0%B0%D0%BD%D0%B0%D0%BB%D0%B8%D1%82%D0%B8%D0%BA%20big%20data,Tele2,"{'от': None, 'до': None, 'валюта': None}",https://hh.ru/vacancy/70427364?query=%D0%B0%D0%BD%D0%B0%D0%BB%D0%B8%D1%82%D0%B8%D0%BA%20big%20data,Presale manager направление Big Data
https://hh.ru/vacancy/69710799?query=%D0%B0%D0%BD%D0%B0%D0%BB%D0%B8%D1%82%D0%B8%D0%BA%20big%20data,Career Solutions,"{'от': 200000, 'до': 250000, 'валюта': 'руб.'}",https://hh.ru/vacancy/69710799?query=%D0%B0%D0%BD%D0%B0%D0%BB%D0%B8%D1%82%D0%B8%D0%BA%20big%20data,Backend .NET Developer (middle/middle+)
https://hh.ru/vacancy/69470716?query=%D0%B0%D0%BD%D0%B0%D0%BB%D0%B8%D1%82%D0%B8%D0%BA%20big%20data,KONNEKTU,"{'от': 120000, 'до': '', 'валюта': 'руб.'}",https://hh.ru/vacancy/69470716?query=%D0%B0%D0%BD%D0%B0%D0%BB%D0%B8%D1%82%D0%B8%D0%BA%20big%20data,"Sales Manager/Менеджер по продажам S2B (IT-решение, SAAS)"
https://hh.ru/vacancy/70427828?query=%D0%B0%D0%BD%D0%B0%D0%BB%D0%B8%D1%82%D0%B8%D0%BA%20big%20data,РОСБАНК,"{'от': None, 'до': None, 'валюта': None}",https://hh.ru/vacancy/70427828?query=%D0%B0%D0%BD%D0%B0%D0%BB%D0%B8%D1%82%D0%B8%D0%BA%20big%20data,Бизнес-аналитик по автоматизации процессов и резервов рисков
https://hh.ru/vacancy/68655053?query=%D0%B0%D0%BD%D0%B0%D0%BB%D0%B8%D1%82%D0%B8%D0%BA%20big%20data,ОООБакарди Рус,"{'от': None, 'до': None, 'валюта': None}",https://hh.ru/vacancy/68655053?query=%D0%B0%D0%BD%D0%B0%D0%BB%D0%B8%D1%82%D0%B8%D0%BA%20big%20data,Senior Finance Analyst
https://hh.ru/vacancy/70466857?query=%D0%B0%D0%BD%D0%B0%D0%BB%D0%B8%D1%82%D0%B8%D0%BA%20big%20data,"ПАО«МТС», IT","{'от': None, 'до': None, 'валюта': None}",https://hh.ru/vacancy/70466857?query=%D0%B0%D0%BD%D0%B0%D0%BB%D0%B8%D1%82%D0%B8%D0%BA%20big%20data,IOS developer на продукт МТС Аналитика (Big Data)
https://hh.ru/vacancy/69307639?query=%D0%B0%D0%BD%D0%B0%D0%BB%D0%B8%D1%82%D0%B8%D0%BA%20big%20data,"ПАОМегаФон, Офис","{'от': None, 'до': None, 'валюта': None}",https://hh.ru/vacancy/69307639?query=%D0%B0%D0%BD%D0%B0%D0%BB%D0%B8%D1%82%D0%B8%D0%BA%20big%20data,Старший менеджер по сегментному маркетингу
https://hh.ru/vacancy/70507430?query=%D0%B0%D0%BD%D0%B0%D0%BB%D0%B8%D1%82%D0%B8%D0%BA%20big%20data,ПАОМТС Банк. IT,"{'от': None, 'до': None, 'валюта': None}",https://hh.ru/vacancy/70507430?query=%D0%B0%D0%BD%D0%B0%D0%BB%D0%B8%D1%82%D0%B8%D0%BA%20big%20data,Системный аналитик (Малый и Средний Бизнес)
https://hh.ru/vacancy/70031019?query=%D0%B0%D0%BD%D0%B0%D0%BB%D0%B8%D1%82%D0%B8%D0%BA%20big%20data,АОАСТ,"{'от': None, 'до': None, 'валюта': None}",https://hh.ru/vacancy/70031019?query=%D0%B0%D0%BD%D0%B0%D0%BB%D0%B8%D1%82%D0%B8%D0%BA%20big%20data,Бизнес-аналитик
https://hh.ru/vacancy/70512921?query=%D0%B0%D0%BD%D0%B0%D0%BB%D0%B8%D1%82%D0%B8%D0%BA%20big%20data,ПАОМТС Банк. IT,"{'от': None, 'до': None, 'валюта': None}",https://hh.ru/vacancy/70512921?query=%D0%B0%D0%BD%D0%B0%D0%BB%D0%B8%D1%82%D0%B8%D0%BA%20big%20data,Аналитик CRM
https://hh.ru/vacancy/70510744?query=%D0%B0%D0%BD%D0%B0%D0%BB%D0%B8%D1%82%D0%B8%D0%BA%20big%20data,Центральный банк Российской Федерации,"{'от': None, 'до': None, 'валюта': None}",https://hh.ru/vacancy/70510744?query=%D0%B0%D0%BD%D0%B0%D0%BB%D0%B8%D1%82%D0%B8%D0%BA%20big%20data,Консультант отдела надзорной аналитики (SQL)
https://hh.ru/vacancy/68366807?query=%D0%B0%D0%BD%D0%B0%D0%BB%D0%B8%D1%82%D0%B8%D0%BA%20big%20data,КРОК,"{'от': None, 'до': None, 'валюта': None}",https://hh.ru/vacancy/68366807?query=%D0%B0%D0%BD%D0%B0%D0%BB%D0%B8%D1%82%D0%B8%D0%BA%20big%20data,"Менеджер по продвижению решений импортозамещения (автоматизация процессов, Big Data)"
https://hh.ru/vacancy/70571216?query=%D0%B0%D0%BD%D0%B0%D0%BB%D0%B8%D1%82%D0%B8%D0%BA%20big%20data,USETECH,"{'от': None, 'до': None, 'валюта': None}",https://hh.ru/vacancy/70571216?query=%D0%B0%D0%BD%D0%B0%D0%BB%D0%B8%D1%82%D0%B8%D0%BA%20big%20data,QA Automation Engineer (Python)
https://hh.ru/vacancy/70572523?query=%D0%B0%D0%BD%D0%B0%D0%BB%D0%B8%D1%82%D0%B8%D0%BA%20big%20data,СберЛизинг,"{'от': None, 'до': None, 'валюта': None}",https://hh.ru/vacancy/70572523?query=%D0%B0%D0%BD%D0%B0%D0%BB%D0%B8%D1%82%D0%B8%D0%BA%20big%20data,Аналитик департамента рисков (исследование и прогнозирование рисков)
https://hh.ru/vacancy/70589885?query=%D0%B0%D0%BD%D0%B0%D0%BB%D0%B8%D1%82%D0%B8%D0%BA%20big%20data,Ozon Информационные технологии,"{'от': None, 'до': None, 'валюта': None}",https://hh.ru/vacancy/70589885?query=%D0%B0%D0%BD%D0%B0%D0%BB%D0%B8%D1%82%D0%B8%D0%BA%20big%20data,Разработчик Python
https://hh.ru/vacancy/69374149?query=%D0%B0%D0%BD%D0%B0%D0%BB%D0%B8%D1%82%D0%B8%D0%BA%20big%20data,Туту.ру,"{'от': None, 'до': None, 'валюта': None}",https://hh.ru/vacancy/69374149?query=%D0%B0%D0%BD%D0%B0%D0%BB%D0%B8%D1%82%D0%B8%D0%BA%20big%20data,Full Stack Developer (JS+PHP) в команду по работе с данными сервиса путешествий
https://hh.ru/vacancy/68140550?query=%D0%B0%D0%BD%D0%B0%D0%BB%D0%B8%D1%82%D0%B8%D0%BA%20big%20data,КОРУС Консалтинг,"{'от': None, 'до': None, 'валюта': None}",https://hh.ru/vacancy/68140550?query=%D0%B0%D0%BD%D0%B0%D0%BB%D0%B8%D1%82%D0%B8%D0%BA%20big%20data,Менеджер по развитию международного бизнеса в ОАЭ | BDM United Arab Emirates
https://hh.ru/vacancy/69635969?query=%D0%B0%D0%BD%D0%B0%D0%BB%D0%B8%D1%82%D0%B8%D0%BA%20big%20data,Частное учреждение по цифровизации атомной отрасли «Цифрум»,"{'от': None, 'до': None, 'валюта': None}",https://hh.ru/vacancy/69635969?query=%D0%B0%D0%BD%D0%B0%D0%BB%D0%B8%D1%82%D0%B8%D0%BA%20big%20data,Администратор данных (НСИ)
https://hh.ru/vacancy/69634691?query=%D0%B0%D0%BD%D0%B0%D0%BB%D0%B8%D1%82%D0%B8%D0%BA%20big%20data,ПАОМТС Банк. IT,"{'от': None, 'до': None, 'валюта': None}",https://hh.ru/vacancy/69634691?query=%D0%B0%D0%BD%D0%B0%D0%BB%D0%B8%D1%82%D0%B8%D0%BA%20big%20data,Старший системный аналитик фронт систем
https://hh.ru/vacancy/69634881?query=%D0%B0%D0%BD%D0%B0%D0%BB%D0%B8%D1%82%D0%B8%D0%BA%20big%20data,Частное учреждение по цифровизации атомной отрасли «Цифрум»,"{'от': None, 'до': None, 'валюта': None}",https://hh.ru/vacancy/69634881?query=%D0%B0%D0%BD%D0%B0%D0%BB%D0%B8%D1%82%D0%B8%D0%BA%20big%20data,Системный аналитик (НСИ)
https://hh.ru/vacancy/69583005?query=%D0%B0%D0%BD%D0%B0%D0%BB%D0%B8%D1%82%D0%B8%D0%BA%20big%20data,"Иннотех, Группа компаний","{'от': None, 'до': None, 'валюта': None}",https://hh.ru/vacancy/69583005?query=%D0%B0%D0%BD%D0%B0%D0%BB%D0%B8%D1%82%D0%B8%D0%BA%20big%20data,Системный аналитик
https://hh.ru/vacancy/69376890?query=%D0%B0%D0%BD%D0%B0%D0%BB%D0%B8%D1%82%D0%B8%D0%BA%20big%20data,ОООGlowByte,"{'от': None, 'до': None, 'валюта': None}",https://hh.ru/vacancy/69376890?query=%D0%B0%D0%BD%D0%B0%D0%BB%D0%B8%D1%82%D0%B8%D0%BA%20big%20data,Младший аналитик
https://hh.ru/vacancy/69695910?query=%D0%B0%D0%BD%D0%B0%D0%BB%D0%B8%D1%82%D0%B8%D0%BA%20big%20data,ПАОМТС Банк. Головной офис,"{'от': None, 'до': None, 'валюта': None}",https://hh.ru/vacancy/69695910?query=%D0%B0%D0%BD%D0%B0%D0%BB%D0%B8%D1%82%D0%B8%D0%BA%20big%20data,Ведущий системный аналитик
https://hh.ru/vacancy/69842587?query=%D0%B0%D0%BD%D0%B0%D0%BB%D0%B8%D1%82%D0%B8%D0%BA%20big%20data,ПАОМТС Банк. Головной офис,"{'от': None, 'до': None, 'валюта': None}",https://hh.ru/vacancy/69842587?query=%D0%B0%D0%BD%D0%B0%D0%BB%D0%B8%D1%82%D0%B8%D0%BA%20big%20data,Ведущий системный аналитик
https://hh.ru/vacancy/69842387?query=%D0%B0%D0%BD%D0%B0%D0%BB%D0%B8%D1%82%D0%B8%D0%BA%20big%20data,ПАОМТС Банк. Головной офис,"{'от': None, 'до': None, 'валюта': None}",https://hh.ru/vacancy/69842387?query=%D0%B0%D0%BD%D0%B0%D0%BB%D0%B8%D1%82%D0%B8%D0%BA%20big%20data,Системный аналитик
https://hh.ru/vacancy/69817033?query=%D0%B0%D0%BD%D0%B0%D0%BB%D0%B8%D1%82%D0%B8%D0%BA%20big%20data,"Иннотех, Группа компаний","{'от': None, 'до': None, 'валюта': None}",https://hh.ru/vacancy/69817033?query=%D0%B0%D0%BD%D0%B0%D0%BB%D0%B8%D1%82%D0%B8%D0%BA%20big%20data,Разработчик Hadoop Big Data (стрим Витрины ПИК)
https://hh.ru/vacancy/69980079?query=%D0%B0%D0%BD%D0%B0%D0%BB%D0%B8%D1%82%D0%B8%D0%BA%20big%20data,АОРТ Лабс,"{'от': None, 'до': None, 'валюта': None}",https://hh.ru/vacancy/69980079?query=%D0%B0%D0%BD%D0%B0%D0%BB%D0%B8%D1%82%D0%B8%D0%BA%20big%20data,Архитектор (IT)
https://hh.ru/vacancy/70030982?query=%D0%B0%D0%BD%D0%B0%D0%BB%D0%B8%D1%82%D0%B8%D0%BA%20big%20data,АОАСТ,"{'от': None, 'до': None, 'валюта': None}",https://hh.ru/vacancy/70030982?query=%D0%B0%D0%BD%D0%B0%D0%BB%D0%B8%D1%82%D0%B8%D0%BA%20big%20data,Ведущий системный аналитик
https://hh.ru/vacancy/70176408?query=%D0%B0%D0%BD%D0%B0%D0%BB%D0%B8%D1%82%D0%B8%D0%BA%20big%20data,ПАОМТС Банк. IT,"{'от': None, 'до': None, 'валюта': None}",https://hh.ru/vacancy/70176408?query=%D0%B0%D0%BD%D0%B0%D0%BB%D0%B8%D1%82%D0%B8%D0%BA%20big%20data,Архитектор платформы данных МТС Финтех
https://hh.ru/vacancy/53890903?query=%D0%B0%D0%BD%D0%B0%D0%BB%D0%B8%D1%82%D0%B8%D0%BA%20big%20data,EGGНEADS,"{'от': 200000, 'до': None, 'валюта': 'руб.'}",https://hh.ru/vacancy/53890903?query=%D0%B0%D0%BD%D0%B0%D0%BB%D0%B8%D1%82%D0%B8%D0%BA%20big%20data,PHP Fullstack разработчик (удалённая работа)
https://hh.ru/vacancy/69593531?query=%D0%B0%D0%BD%D0%B0%D0%BB%D0%B8%D1%82%D0%B8%D0%BA%20big%20data,Tele2,"{'от': None, 'до': None, 'валюта': None}",https://hh.ru/vacancy/69593531?query=%D0%B0%D0%BD%D0%B0%D0%BB%D0%B8%D1%82%D0%B8%D0%BA%20big%20data,Менеджер по проектам для индустрии медиа и рекламы
https://hh.ru/vacancy/70447700?query=%D0%B0%D0%BD%D0%B0%D0%BB%D0%B8%D1%82%D0%B8%D0%BA%20big%20data,Сбер для экспертов,"{'от': None, 'до': None, 'валюта': None}",https://hh.ru/vacancy/70447700?query=%D0%B0%D0%BD%D0%B0%D0%BB%D0%B8%D1%82%D0%B8%D0%BA%20big%20data,Архитектор (автоматизация каналов продаж)
https://hh.ru/vacancy/67800088?query=%D0%B0%D0%BD%D0%B0%D0%BB%D0%B8%D1%82%D0%B8%D0%BA%20big%20data,"VK, Одноклассники","{'от': None, 'до': None, 'валюта': None}",https://hh.ru/vacancy/67800088?query=%D0%B0%D0%BD%D0%B0%D0%BB%D0%B8%D1%82%D0%B8%D0%BA%20big%20data,"Computer vision engineer (проект ""Лента"")"
https://hh.ru/vacancy/70455943?query=%D0%B0%D0%BD%D0%B0%D0%BB%D0%B8%D1%82%D0%B8%D0%BA%20big%20data,Tele2,"{'от': None, 'до': None, 'валюта': None}",https://hh.ru/vacancy/70455943?query=%D0%B0%D0%BD%D0%B0%D0%BB%D0%B8%D1%82%D0%B8%D0%BA%20big%20data,DevOps-инженер Big Data
https://hh.ru/vacancy/70406300?query=%D0%B0%D0%BD%D0%B0%D0%BB%D0%B8%D1%82%D0%B8%D0%BA%20big%20data,Сбер. IT,"{'от': None, 'до': None, 'валюта': None}",https://hh.ru/vacancy/70406300?query=%D0%B0%D0%BD%D0%B0%D0%BB%D0%B8%D1%82%D0%B8%D0%BA%20big%20data,Системный аналитик
https://hh.ru/vacancy/70792773?query=%D0%B0%D0%BD%D0%B0%D0%BB%D0%B8%D1%82%D0%B8%D0%BA%20big%20data,АОАСТ,"{'от': None, 'до': None, 'валюта': None}",https://hh.ru/vacancy/70792773?query=%D0%B0%D0%BD%D0%B0%D0%BB%D0%B8%D1%82%D0%B8%D0%BA%20big%20data,Реверс инженер
https://hh.ru/vacancy/69845325?query=%D0%B0%D0%BD%D0%B0%D0%BB%D0%B8%D1%82%D0%B8%D0%BA%20big%20data,ОООАвтомакон,"{'от': None, 'до': None, 'валюта': None}",https://hh.ru/vacancy/69845325?query=%D0%B0%D0%BD%D0%B0%D0%BB%D0%B8%D1%82%D0%B8%D0%BA%20big%20data,Менеджер по работе с ключевыми клиентами (аутсорсинг персонала)
https://hh.ru/vacancy/67928651?query=%D0%B0%D0%BD%D0%B0%D0%BB%D0%B8%D1%82%D0%B8%D0%BA%20big%20data,ОООАБК,"{'от': None, 'до': None, 'валюта': None}",https://hh.ru/vacancy/67928651?query=%D0%B0%D0%BD%D0%B0%D0%BB%D0%B8%D1%82%D0%B8%D0%BA%20big%20data,Senior PHP Developer (remote)
https://hh.ru/vacancy/69778284?query=%D0%B0%D0%BD%D0%B0%D0%BB%D0%B8%D1%82%D0%B8%D0%BA%20big%20data,Mediata,"{'от': 150000, 'до': 200000, 'валюта': 'руб.'}",https://hh.ru/vacancy/69778284?query=%D0%B0%D0%BD%D0%B0%D0%BB%D0%B8%D1%82%D0%B8%D0%BA%20big%20data,Менеджер по продажам и развитию бизнеса в рекламное агентство
https://hh.ru/vacancy/70672986?query=%D0%B0%D0%BD%D0%B0%D0%BB%D0%B8%D1%82%D0%B8%D0%BA%20big%20data,ОООИбс Инфинисофт,"{'от': None, 'до': None, 'валюта': None}",https://hh.ru/vacancy/70672986?query=%D0%B0%D0%BD%D0%B0%D0%BB%D0%B8%D1%82%D0%B8%D0%BA%20big%20data,Системный аналитик
https://hh.ru/vacancy/68108409?query=%D0%B0%D0%BD%D0%B0%D0%BB%D0%B8%D1%82%D0%B8%D0%BA%20big%20data,ОООАБК,"{'от': None, 'до': None, 'валюта': None}",https://hh.ru/vacancy/68108409?query=%D0%B0%D0%BD%D0%B0%D0%BB%D0%B8%D1%82%D0%B8%D0%BA%20big%20data,Ruby программист (Remote)
https://hh.ru/vacancy/70692986?query=%D0%B0%D0%BD%D0%B0%D0%BB%D0%B8%D1%82%D0%B8%D0%BA%20big%20data,ОООНЕЛТ,"{'от': 100000, 'до': '', 'валюта': 'руб.'}",https://hh.ru/vacancy/70692986?query=%D0%B0%D0%BD%D0%B0%D0%BB%D0%B8%D1%82%D0%B8%D0%BA%20big%20data,Финансовый аналитик
https://hh.ru/vacancy/69707205?query=%D0%B0%D0%BD%D0%B0%D0%BB%D0%B8%D1%82%D0%B8%D0%BA%20big%20data,Технократ,"{'от': None, 'до': None, 'валюта': None}",https://hh.ru/vacancy/69707205?query=%D0%B0%D0%BD%D0%B0%D0%BB%D0%B8%D1%82%D0%B8%D0%BA%20big%20data,Старший менеджер отдела продаж
https://hh.ru/vacancy/70851363?query=%D0%B0%D0%BD%D0%B0%D0%BB%D0%B8%D1%82%D0%B8%D0%BA%20big%20data,"ПАО«МТС», IT","{'от': None, 'до': None, 'валюта': None}",https://hh.ru/vacancy/70851363?query=%D0%B0%D0%BD%D0%B0%D0%BB%D0%B8%D1%82%D0%B8%D0%BA%20big%20data,Архитектор
https://hh.ru/vacancy/70516930?query=%D0%B0%D0%BD%D0%B0%D0%BB%D0%B8%D1%82%D0%B8%D0%BA%20big%20data,ПАОМТС Банк. Начало Карьеры,"{'от': None, 'до': None, 'валюта': None}",https://hh.ru/vacancy/70516930?query=%D0%B0%D0%BD%D0%B0%D0%BB%D0%B8%D1%82%D0%B8%D0%BA%20big%20data,Ведущий аналитик интеграционных решений
https://hh.ru/vacancy/70399046?query=%D0%B0%D0%BD%D0%B0%D0%BB%D0%B8%D1%82%D0%B8%D0%BA%20big%20data,билайн,"{'от': None, 'до': None, 'валюта': None}",https://hh.ru/vacancy/70399046?query=%D0%B0%D0%BD%D0%B0%D0%BB%D0%B8%D1%82%D0%B8%D0%BA%20big%20data,Менеджер по работе с государственными заказчиками
https://hh.ru/vacancy/69636320?query=%D0%B0%D0%BD%D0%B0%D0%BB%D0%B8%D1%82%D0%B8%D0%BA%20big%20data,Северсталь. IT & Digital,"{'от': None, 'до': None, 'валюта': None}",https://hh.ru/vacancy/69636320?query=%D0%B0%D0%BD%D0%B0%D0%BB%D0%B8%D1%82%D0%B8%D0%BA%20big%20data,"Fullstack разработчик (React, Node.js)"
https://hh.ru/vacancy/70674229?query=%D0%B0%D0%BD%D0%B0%D0%BB%D0%B8%D1%82%D0%B8%D0%BA%20big%20data,ОООИнвестиционная компания Фридом Финанс,"{'от': None, 'до': None, 'валюта': None}",https://hh.ru/vacancy/70674229?query=%D0%B0%D0%BD%D0%B0%D0%BB%D0%B8%D1%82%D0%B8%D0%BA%20big%20data,Веб-аналитик/аналитик данных
https://hh.ru/vacancy/68915922?query=%D0%B0%D0%BD%D0%B0%D0%BB%D0%B8%D1%82%D0%B8%D0%BA%20big%20data,ОООАБК,"{'от': None, 'до': None, 'валюта': None}",https://hh.ru/vacancy/68915922?query=%D0%B0%D0%BD%D0%B0%D0%BB%D0%B8%D1%82%D0%B8%D0%BA%20big%20data,Linux администратор (remote)
https://hh.ru/vacancy/69845513?query=%D0%B0%D0%BD%D0%B0%D0%BB%D0%B8%D1%82%D0%B8%D0%BA%20big%20data,ОООАвтомакон,"{'от': None, 'до': 220000, 'валюта': 'руб.'}",https://hh.ru/vacancy/69845513?query=%D0%B0%D0%BD%D0%B0%D0%BB%D0%B8%D1%82%D0%B8%D0%BA%20big%20data,Программист 1С
https://hh.ru/vacancy/70474341?query=%D0%B0%D0%BD%D0%B0%D0%BB%D0%B8%D1%82%D0%B8%D0%BA%20big%20data,билайн: Бизнес,"{'от': 70000, 'до': '', 'валюта': 'руб.'}",https://hh.ru/vacancy/70474341?query=%D0%B0%D0%BD%D0%B0%D0%BB%D0%B8%D1%82%D0%B8%D0%BA%20big%20data,Менеджер по продажам VAS сервисов
https://hh.ru/vacancy/67626512?query=%D0%B0%D0%BD%D0%B0%D0%BB%D0%B8%D1%82%D0%B8%D0%BA%20big%20data,ОООАБК,"{'от': None, 'до': None, 'валюта': None}",https://hh.ru/vacancy/67626512?query=%D0%B0%D0%BD%D0%B0%D0%BB%D0%B8%D1%82%D0%B8%D0%BA%20big%20data,Руководитель команды WEB-разработки (remote)
https://hh.ru/vacancy/66672248?query=%D0%B0%D0%BD%D0%B0%D0%BB%D0%B8%D1%82%D0%B8%D0%BA%20big%20data,"Hi, Rockits!","{'от': 200000, 'до': None, 'валюта': 'руб.'}",https://hh.ru/vacancy/66672248?query=%D0%B0%D0%BD%D0%B0%D0%BB%D0%B8%D1%82%D0%B8%D0%BA%20big%20data,PHP Developer
https://hh.ru/vacancy/70537362?query=%D0%B0%D0%BD%D0%B0%D0%BB%D0%B8%D1%82%D0%B8%D0%BA%20big%20data,Сбер. IT,"{'от': None, 'до': None, 'валюта': None}",https://hh.ru/vacancy/70537362?query=%D0%B0%D0%BD%D0%B0%D0%BB%D0%B8%D1%82%D0%B8%D0%BA%20big%20data,Middle Data Engineer (развитие внешнеэкономического партнерства)
https://hh.ru/vacancy/70746869?query=%D0%B0%D0%BD%D0%B0%D0%BB%D0%B8%D1%82%D0%B8%D0%BA%20big%20data,билайн,"{'от': None, 'до': None, 'валюта': None}",https://hh.ru/vacancy/70746869?query=%D0%B0%D0%BD%D0%B0%D0%BB%D0%B8%D1%82%D0%B8%D0%BA%20big%20data,Начальник отдела по работе с госсектором
https://hh.ru/vacancy/69844340?query=%D0%B0%D0%BD%D0%B0%D0%BB%D0%B8%D1%82%D0%B8%D0%BA%20big%20data,ЗАОНациональное Бюро Информатизации,"{'от': None, 'до': None, 'валюта': None}",https://hh.ru/vacancy/69844340?query=%D0%B0%D0%BD%D0%B0%D0%BB%D0%B8%D1%82%D0%B8%D0%BA%20big%20data,Специалист по вибродиагностике
https://hh.ru/vacancy/69728817?query=%D0%B0%D0%BD%D0%B0%D0%BB%D0%B8%D1%82%D0%B8%D0%BA%20big%20data,ОООАБК,"{'от': None, 'до': None, 'валюта': None}",https://hh.ru/vacancy/69728817?query=%D0%B0%D0%BD%D0%B0%D0%BB%D0%B8%D1%82%D0%B8%D0%BA%20big%20data,UX/UI дизайнер
https://hh.ru/vacancy/70860428?query=%D0%B0%D0%BD%D0%B0%D0%BB%D0%B8%D1%82%D0%B8%D0%BA%20big%20data,Экспириенс,"{'от': 150000, 'до': '', 'валюта': 'руб.'}",https://hh.ru/vacancy/70860428?query=%D0%B0%D0%BD%D0%B0%D0%BB%D0%B8%D1%82%D0%B8%D0%BA%20big%20data,Programmatic manager/Аккаунт менеджер
https://hh.ru/vacancy/70797771?query=%D0%B0%D0%BD%D0%B0%D0%BB%D0%B8%D1%82%D0%B8%D0%BA%20big%20data,ПАОМТС Банк. IT,"{'от': None, 'до': None, 'валюта': None}",https://hh.ru/vacancy/70797771?query=%D0%B0%D0%BD%D0%B0%D0%BB%D0%B8%D1%82%D0%B8%D0%BA%20big%20data,Senior Java Developer
https://hh.ru/vacancy/70870746?query=%D0%B0%D0%BD%D0%B0%D0%BB%D0%B8%D1%82%D0%B8%D0%BA%20big%20data,"Иннотех, Группа компаний","{'от': None, 'до': None, 'валюта': None}",https://hh.ru/vacancy/70870746?query=%D0%B0%D0%BD%D0%B0%D0%BB%D0%B8%D1%82%D0%B8%D0%BA%20big%20data,Тимлид ( команда ТРСУД )
https://hh.ru/vacancy/70572184?query=%D0%B0%D0%BD%D0%B0%D0%BB%D0%B8%D1%82%D0%B8%D0%BA%20big%20data,Сбер для экспертов,"{'от': None, 'до': None, 'валюта': None}",https://hh.ru/vacancy/70572184?query=%D0%B0%D0%BD%D0%B0%D0%BB%D0%B8%D1%82%D0%B8%D0%BA%20big%20data,Senior Backend Developer (Scala)
https://hh.ru/vacancy/70846650?query=%D0%B0%D0%BD%D0%B0%D0%BB%D0%B8%D1%82%D0%B8%D0%BA%20big%20data,NielsenIQ,"{'от': None, 'до': None, 'валюта': None}",https://hh.ru/vacancy/70846650?query=%D0%B0%D0%BD%D0%B0%D0%BB%D0%B8%D1%82%D0%B8%D0%BA%20big%20data,Client Service Executive
https://hh.ru/vacancy/69344189?query=%D0%B0%D0%BD%D0%B0%D0%BB%D0%B8%D1%82%D0%B8%D0%BA%20big%20data,Tibbo,"{'от': None, 'до': None, 'валюта': None}",https://hh.ru/vacancy/69344189?query=%D0%B0%D0%BD%D0%B0%D0%BB%D0%B8%D1%82%D0%B8%D0%BA%20big%20data,Middle+/ Senior Java Developer (удаленно)
https://hh.ru/vacancy/70103967?query=%D0%B0%D0%BD%D0%B0%D0%BB%D0%B8%D1%82%D0%B8%D0%BA%20big%20data,GS Capital,"{'от': None, 'до': None, 'валюта': None}",https://hh.ru/vacancy/70103967?query=%D0%B0%D0%BD%D0%B0%D0%BB%D0%B8%D1%82%D0%B8%D0%BA%20big%20data,Affiliate manager / Менеджер по работе с партнерами (remote)
https://hh.ru/vacancy/70846117?query=%D0%B0%D0%BD%D0%B0%D0%BB%D0%B8%D1%82%D0%B8%D0%BA%20big%20data,NielsenIQ,"{'от': None, 'до': None, 'валюта': None}",https://hh.ru/vacancy/70846117?query=%D0%B0%D0%BD%D0%B0%D0%BB%D0%B8%D1%82%D0%B8%D0%BA%20big%20data,Senior Client Consultant (FMCG sector)
https://hh.ru/vacancy/70776383?query=%D0%B0%D0%BD%D0%B0%D0%BB%D0%B8%D1%82%D0%B8%D0%BA%20big%20data,билайн,"{'от': None, 'до': None, 'валюта': None}",https://hh.ru/vacancy/70776383?query=%D0%B0%D0%BD%D0%B0%D0%BB%D0%B8%D1%82%D0%B8%D0%BA%20big%20data,Менеджер по продажам крупным клиентам (Digital)
https://hh.ru/vacancy/70702502?query=%D0%B0%D0%BD%D0%B0%D0%BB%D0%B8%D1%82%D0%B8%D0%BA%20big%20data,Сбер. IT,"{'от': None, 'до': None, 'валюта': None}",https://hh.ru/vacancy/70702502?query=%D0%B0%D0%BD%D0%B0%D0%BB%D0%B8%D1%82%D0%B8%D0%BA%20big%20data,Scala/Java-разработчик
https://hh.ru/vacancy/69844893?query=%D0%B0%D0%BD%D0%B0%D0%BB%D0%B8%D1%82%D0%B8%D0%BA%20big%20data,ОООАвтомакон,"{'от': None, 'до': 300000, 'валюта': 'руб.'}",https://hh.ru/vacancy/69844893?query=%D0%B0%D0%BD%D0%B0%D0%BB%D0%B8%D1%82%D0%B8%D0%BA%20big%20data,Программист-аналитик 1С
https://hh.ru/vacancy/70849753?query=%D0%B0%D0%BD%D0%B0%D0%BB%D0%B8%D1%82%D0%B8%D0%BA%20big%20data,Baimskaya Management,"{'от': None, 'до': None, 'валюта': None}",https://hh.ru/vacancy/70849753?query=%D0%B0%D0%BD%D0%B0%D0%BB%D0%B8%D1%82%D0%B8%D0%BA%20big%20data,Senior Financial Analyst
https://hh.ru/vacancy/69427031?query=%D0%B0%D0%BD%D0%B0%D0%BB%D0%B8%D1%82%D0%B8%D0%BA%20big%20data,ОООКловер Групп,"{'от': None, 'до': None, 'валюта': None}",https://hh.ru/vacancy/69427031?query=%D0%B0%D0%BD%D0%B0%D0%BB%D0%B8%D1%82%D0%B8%D0%BA%20big%20data,Product manager
https://hh.ru/vacancy/70176080?query=%D0%B0%D0%BD%D0%B0%D0%BB%D0%B8%D1%82%D0%B8%D0%BA%20big%20data,GS Capital,"{'от': None, 'до': None, 'валюта': None}",https://hh.ru/vacancy/70176080?query=%D0%B0%D0%BD%D0%B0%D0%BB%D0%B8%D1%82%D0%B8%D0%BA%20big%20data,Head of Affiliate (iGaming продукт)
https://hh.ru/vacancy/69618811?query=%D0%B0%D0%BD%D0%B0%D0%BB%D0%B8%D1%82%D0%B8%D0%BA%20big%20data,ОООТазмар,"{'от': 150000, 'до': 250000, 'валюта': 'руб.'}",https://hh.ru/vacancy/69618811?query=%D0%B0%D0%BD%D0%B0%D0%BB%D0%B8%D1%82%D0%B8%D0%BA%20big%20data,Middle Backend Engineer (Python)
https://hh.ru/vacancy/70690081?query=%D0%B0%D0%BD%D0%B0%D0%BB%D0%B8%D1%82%D0%B8%D0%BA%20big%20data,Сбер для экспертов,"{'от': None, 'до': None, 'валюта': None}",https://hh.ru/vacancy/70690081?query=%D0%B0%D0%BD%D0%B0%D0%BB%D0%B8%D1%82%D0%B8%D0%BA%20big%20data,Scala-разработчик
https://hh.ru/vacancy/70818432?query=%D0%B0%D0%BD%D0%B0%D0%BB%D0%B8%D1%82%D0%B8%D0%BA%20big%20data,СберМегаМаркет,"{'от': None, 'до': None, 'валюта': None}",https://hh.ru/vacancy/70818432?query=%D0%B0%D0%BD%D0%B0%D0%BB%D0%B8%D1%82%D0%B8%D0%BA%20big%20data,Team Lead Web/Product Analytics
https://hh.ru/vacancy/70053254?query=%D0%B0%D0%BD%D0%B0%D0%BB%D0%B8%D1%82%D0%B8%D0%BA%20big%20data,Эмбедика,"{'от': None, 'до': None, 'валюта': None}",https://hh.ru/vacancy/70053254?query=%D0%B0%D0%BD%D0%B0%D0%BB%D0%B8%D1%82%D0%B8%D0%BA%20big%20data,Руководитель IT проектов
https://hh.ru/vacancy/68286552?query=%D0%B0%D0%BD%D0%B0%D0%BB%D0%B8%D1%82%D0%B8%D0%BA%20big%20data,Rambler&Co,"{'от': None, 'до': None, 'валюта': None}",https://hh.ru/vacancy/68286552?query=%D0%B0%D0%BD%D0%B0%D0%BB%D0%B8%D1%82%D0%B8%D0%BA%20big%20data,Python-разработчик (Рамблер/рекомендации)
https://hh.ru/vacancy/69718669?query=%D0%B0%D0%BD%D0%B0%D0%BB%D0%B8%D1%82%D0%B8%D0%BA%20big%20data,ОООМедиапоинт,"{'от': None, 'до': None, 'валюта': None}",https://hh.ru/vacancy/69718669?query=%D0%B0%D0%BD%D0%B0%D0%BB%D0%B8%D1%82%D0%B8%D0%BA%20big%20data,Руководитель продукта
https://hh.ru/vacancy/67488088?query=%D0%B0%D0%BD%D0%B0%D0%BB%D0%B8%D1%82%D0%B8%D0%BA%20big%20data,Делимобиль,"{'от': None, 'до': None, 'валюта': None}",https://hh.ru/vacancy/67488088?query=%D0%B0%D0%BD%D0%B0%D0%BB%D0%B8%D1%82%D0%B8%D0%BA%20big%20data,Руководитель аналитического отдела (CDO)
https://hh.ru/vacancy/70735921?query=%D0%B0%D0%BD%D0%B0%D0%BB%D0%B8%D1%82%D0%B8%D0%BA%20big%20data,USETECH,"{'от': None, 'до': None, 'валюта': None}",https://hh.ru/vacancy/70735921?query=%D0%B0%D0%BD%D0%B0%D0%BB%D0%B8%D1%82%D0%B8%D0%BA%20big%20data,Разработчик DWH
https://hh.ru/vacancy/69872402?query=%D0%B0%D0%BD%D0%B0%D0%BB%D0%B8%D1%82%D0%B8%D0%BA%20big%20data,ВТБ Капитал,"{'от': None, 'до': None, 'валюта': None}",https://hh.ru/vacancy/69872402?query=%D0%B0%D0%BD%D0%B0%D0%BB%D0%B8%D1%82%D0%B8%D0%BA%20big%20data,Business planning analyst (Корпоративно-инвестиционный бизнес ВТБ)
https://hh.ru/vacancy/70364708?query=%D0%B0%D0%BD%D0%B0%D0%BB%D0%B8%D1%82%D0%B8%D0%BA%20big%20data,ОООАвтомакон,"{'от': 100000, 'до': 300000, 'валюта': 'руб.'}",https://hh.ru/vacancy/70364708?query=%D0%B0%D0%BD%D0%B0%D0%BB%D0%B8%D1%82%D0%B8%D0%BA%20big%20data,Аналитик 1С
https://hh.ru/vacancy/68289477?query=%D0%B0%D0%BD%D0%B0%D0%BB%D0%B8%D1%82%D0%B8%D0%BA%20big%20data,СберМаркет,"{'от': None, 'до': None, 'валюта': None}",https://hh.ru/vacancy/68289477?query=%D0%B0%D0%BD%D0%B0%D0%BB%D0%B8%D1%82%D0%B8%D0%BA%20big%20data,Senior Product Analyst / Team Lead ( Самовывоз)
https://hh.ru/vacancy/54848793?query=%D0%B0%D0%BD%D0%B0%D0%BB%D0%B8%D1%82%D0%B8%D0%BA%20big%20data,"Телеканал Россия, ГТК","{'от': None, 'до': None, 'валюта': None}",https://hh.ru/vacancy/54848793?query=%D0%B0%D0%BD%D0%B0%D0%BB%D0%B8%D1%82%D0%B8%D0%BA%20big%20data,Разработчик BI
https://hh.ru/vacancy/69577809?query=%D0%B0%D0%BD%D0%B0%D0%BB%D0%B8%D1%82%D0%B8%D0%BA%20big%20data,Сбер для экспертов,"{'от': None, 'до': None, 'валюта': None}",https://hh.ru/vacancy/69577809?query=%D0%B0%D0%BD%D0%B0%D0%BB%D0%B8%D1%82%D0%B8%D0%BA%20big%20data,Системный аналитик (Графовая платформа)
https://hh.ru/vacancy/70845524?query=%D0%B0%D0%BD%D0%B0%D0%BB%D0%B8%D1%82%D0%B8%D0%BA%20big%20data,"Иннотех, Группа компаний","{'от': None, 'до': None, 'валюта': None}",https://hh.ru/vacancy/70845524?query=%D0%B0%D0%BD%D0%B0%D0%BB%D0%B8%D1%82%D0%B8%D0%BA%20big%20data,Системный аналитик
https://hh.ru/vacancy/69522336?query=%D0%B0%D0%BD%D0%B0%D0%BB%D0%B8%D1%82%D0%B8%D0%BA%20big%20data,Brand Analytics,"{'от': None, 'до': None, 'валюта': None}",https://hh.ru/vacancy/69522336?query=%D0%B0%D0%BD%D0%B0%D0%BB%D0%B8%D1%82%D0%B8%D0%BA%20big%20data,Senior Machine Learning engineer
https://hh.ru/vacancy/70740505?query=%D0%B0%D0%BD%D0%B0%D0%BB%D0%B8%D1%82%D0%B8%D0%BA%20big%20data,Атос АйТи Солюшенс энд Сервисез,"{'от': None, 'до': None, 'валюта': None}",https://hh.ru/vacancy/70740505?query=%D0%B0%D0%BD%D0%B0%D0%BB%D0%B8%D1%82%D0%B8%D0%BA%20big%20data,Senior Analyst (Power BI)
https://hh.ru/vacancy/69885740?query=%D0%B0%D0%BD%D0%B0%D0%BB%D0%B8%D1%82%D0%B8%D0%BA%20big%20data,Группа Самолет,"{'от': None, 'до': None, 'валюта': None}",https://hh.ru/vacancy/69885740?query=%D0%B0%D0%BD%D0%B0%D0%BB%D0%B8%D1%82%D0%B8%D0%BA%20big%20data,Data-архитектор
https://hh.ru/vacancy/70176624?query=%D0%B0%D0%BD%D0%B0%D0%BB%D0%B8%D1%82%D0%B8%D0%BA%20big%20data,Lanck Telecom,"{'от': None, 'до': None, 'валюта': None}",https://hh.ru/vacancy/70176624?query=%D0%B0%D0%BD%D0%B0%D0%BB%D0%B8%D1%82%D0%B8%D0%BA%20big%20data,Senior System Analyst
https://hh.ru/vacancy/67136636?query=%D0%B0%D0%BD%D0%B0%D0%BB%D0%B8%D1%82%D0%B8%D0%BA%20big%20data,Сбер. Data Science,"{'от': None, 'до': None, 'валюта': None}",https://hh.ru/vacancy/67136636?query=%D0%B0%D0%BD%D0%B0%D0%BB%D0%B8%D1%82%D0%B8%D0%BA%20big%20data,Data Engineer
https://hh.ru/vacancy/70003175?query=%D0%B0%D0%BD%D0%B0%D0%BB%D0%B8%D1%82%D0%B8%D0%BA%20big%20data,ОООАвтомакон,"{'от': None, 'до': 200000, 'валюта': 'руб.'}",https://hh.ru/vacancy/70003175?query=%D0%B0%D0%BD%D0%B0%D0%BB%D0%B8%D1%82%D0%B8%D0%BA%20big%20data,Системный аналитик (удаленно)
https://hh.ru/vacancy/70701001?query=%D0%B0%D0%BD%D0%B0%D0%BB%D0%B8%D1%82%D0%B8%D0%BA%20big%20data,Lanck Telecom,"{'от': None, 'до': None, 'валюта': None}",https://hh.ru/vacancy/70701001?query=%D0%B0%D0%BD%D0%B0%D0%BB%D0%B8%D1%82%D0%B8%D0%BA%20big%20data,Lead Fraud Analyst
https://hh.ru/vacancy/70733678?query=%D0%B0%D0%BD%D0%B0%D0%BB%D0%B8%D1%82%D0%B8%D0%BA%20big%20data,Сбер для экспертов,"{'от': None, 'до': None, 'валюта': None}",https://hh.ru/vacancy/70733678?query=%D0%B0%D0%BD%D0%B0%D0%BB%D0%B8%D1%82%D0%B8%D0%BA%20big%20data,Менеджер-аналитик данных
https://hh.ru/vacancy/70767273?query=%D0%B0%D0%BD%D0%B0%D0%BB%D0%B8%D1%82%D0%B8%D0%BA%20big%20data,Сбер для экспертов,"{'от': None, 'до': None, 'валюта': None}",https://hh.ru/vacancy/70767273?query=%D0%B0%D0%BD%D0%B0%D0%BB%D0%B8%D1%82%D0%B8%D0%BA%20big%20data,Аналитик (менеджер по сегментации) в команду развития Экосистемы Сбера
https://hh.ru/vacancy/69301576?query=%D0%B0%D0%BD%D0%B0%D0%BB%D0%B8%D1%82%D0%B8%D0%BA%20big%20data,"МАГНИТ, Розничная сеть","{'от': None, 'до': None, 'валюта': None}",https://hh.ru/vacancy/69301576?query=%D0%B0%D0%BD%D0%B0%D0%BB%D0%B8%D1%82%D0%B8%D0%BA%20big%20data,Team Leader Product Analyst (Руководитель направления продуктовой аналитики)
https://hh.ru/vacancy/69620259?query=%D0%B0%D0%BD%D0%B0%D0%BB%D0%B8%D1%82%D0%B8%D0%BA%20big%20data,"ПАО«МТС», IT","{'от': None, 'до': None, 'валюта': None}",https://hh.ru/vacancy/69620259?query=%D0%B0%D0%BD%D0%B0%D0%BB%D0%B8%D1%82%D0%B8%D0%BA%20big%20data,Data scientist
https://hh.ru/vacancy/67883620?query=%D0%B0%D0%BD%D0%B0%D0%BB%D0%B8%D1%82%D0%B8%D0%BA%20big%20data,ОООИбс Инфинисофт,"{'от': None, 'до': None, 'валюта': None}",https://hh.ru/vacancy/67883620?query=%D0%B0%D0%BD%D0%B0%D0%BB%D0%B8%D1%82%D0%B8%D0%BA%20big%20data,Senior system analyst (Remote) / Старший системный аналитик (удаленно)
https://hh.ru/vacancy/68554792?query=%D0%B0%D0%BD%D0%B0%D0%BB%D0%B8%D1%82%D0%B8%D0%BA%20big%20data,"ПАО«МТС», IT","{'от': None, 'до': None, 'валюта': None}",https://hh.ru/vacancy/68554792?query=%D0%B0%D0%BD%D0%B0%D0%BB%D0%B8%D1%82%D0%B8%D0%BA%20big%20data,Data Analyst на продукт B2B (Big Data)
https://hh.ru/vacancy/69618327?query=%D0%B0%D0%BD%D0%B0%D0%BB%D0%B8%D1%82%D0%B8%D0%BA%20big%20data,ПАОМТС Банк. IT,"{'от': None, 'до': None, 'валюта': None}",https://hh.ru/vacancy/69618327?query=%D0%B0%D0%BD%D0%B0%D0%BB%D0%B8%D1%82%D0%B8%D0%BA%20big%20data,Продуктовый/BI аналитик
https://hh.ru/vacancy/69576089?query=%D0%B0%D0%BD%D0%B0%D0%BB%D0%B8%D1%82%D0%B8%D0%BA%20big%20data,Marfatech,"{'от': 400000, 'до': 500000, 'валюта': 'руб.'}",https://hh.ru/vacancy/69576089?query=%D0%B0%D0%BD%D0%B0%D0%BB%D0%B8%D1%82%D0%B8%D0%BA%20big%20data,Head of Analytics
https://hh.ru/vacancy/69978103?query=%D0%B0%D0%BD%D0%B0%D0%BB%D0%B8%D1%82%D0%B8%D0%BA%20big%20data,"Иннотех, Группа компаний","{'от': None, 'до': None, 'валюта': None}",https://hh.ru/vacancy/69978103?query=%D0%B0%D0%BD%D0%B0%D0%BB%D0%B8%D1%82%D0%B8%D0%BA%20big%20data,Системный аналитик (применение моделей ML)
https://hh.ru/vacancy/68554751?query=%D0%B0%D0%BD%D0%B0%D0%BB%D0%B8%D1%82%D0%B8%D0%BA%20big%20data,"ПАО«МТС», IT","{'от': None, 'до': None, 'валюта': None}",https://hh.ru/vacancy/68554751?query=%D0%B0%D0%BD%D0%B0%D0%BB%D0%B8%D1%82%D0%B8%D0%BA%20big%20data,Аналитик на продукт NetScout (Big Data)
https://hh.ru/vacancy/69774849?query=%D0%B0%D0%BD%D0%B0%D0%BB%D0%B8%D1%82%D0%B8%D0%BA%20big%20data,ПАО«МТС» ,"{'от': None, 'до': None, 'валюта': None}",https://hh.ru/vacancy/69774849?query=%D0%B0%D0%BD%D0%B0%D0%BB%D0%B8%D1%82%D0%B8%D0%BA%20big%20data,Data engineer на продукт B2B (Big Data)
https://hh.ru/vacancy/68958646?query=%D0%B0%D0%BD%D0%B0%D0%BB%D0%B8%D1%82%D0%B8%D0%BA%20big%20data,Tele2,"{'от': None, 'до': None, 'валюта': None}",https://hh.ru/vacancy/68958646?query=%D0%B0%D0%BD%D0%B0%D0%BB%D0%B8%D1%82%D0%B8%D0%BA%20big%20data,Data engineer\analyst (развитие источников данных Big Data)
https://hh.ru/vacancy/69343784?query=%D0%B0%D0%BD%D0%B0%D0%BB%D0%B8%D1%82%D0%B8%D0%BA%20big%20data,Банк ВТБ (ПАО),"{'от': None, 'до': None, 'валюта': None}",https://hh.ru/vacancy/69343784?query=%D0%B0%D0%BD%D0%B0%D0%BB%D0%B8%D1%82%D0%B8%D0%BA%20big%20data,"Аналитик данных, Управления экспертизы и фрод-мониторинга"
https://hh.ru/vacancy/69870695?query=%D0%B0%D0%BD%D0%B0%D0%BB%D0%B8%D1%82%D0%B8%D0%BA%20big%20data,GeekBrains,"{'от': None, 'до': None, 'валюта': None}",https://hh.ru/vacancy/69870695?query=%D0%B0%D0%BD%D0%B0%D0%BB%D0%B8%D1%82%D0%B8%D0%BA%20big%20data,"Автор-лектор образовательной программы ""Аналитик Big Data"""
https://hh.ru/vacancy/69775217?query=%D0%B0%D0%BD%D0%B0%D0%BB%D0%B8%D1%82%D0%B8%D0%BA%20big%20data,"ПАО«МТС», IT","{'от': None, 'до': None, 'валюта': None}",https://hh.ru/vacancy/69775217?query=%D0%B0%D0%BD%D0%B0%D0%BB%D0%B8%D1%82%D0%B8%D0%BA%20big%20data,Data engineer в МТС Маркетолог (Big Data)
https://hh.ru/vacancy/70504980?query=%D0%B0%D0%BD%D0%B0%D0%BB%D0%B8%D1%82%D0%B8%D0%BA%20big%20data,"ПАОМегаФон, IT","{'от': None, 'до': None, 'валюта': None}",https://hh.ru/vacancy/70504980?query=%D0%B0%D0%BD%D0%B0%D0%BB%D0%B8%D1%82%D0%B8%D0%BA%20big%20data,Team lead Data scientist
https://hh.ru/vacancy/68468010?query=%D0%B0%D0%BD%D0%B0%D0%BB%D0%B8%D1%82%D0%B8%D0%BA%20big%20data,"Hi, Rockits!","{'от': None, 'до': None, 'валюта': None}",https://hh.ru/vacancy/68468010?query=%D0%B0%D0%BD%D0%B0%D0%BB%D0%B8%D1%82%D0%B8%D0%BA%20big%20data,Data (Product) analyst / Аналитик данных (продуктовый)
https://hh.ru/vacancy/68912629?query=%D0%B0%D0%BD%D0%B0%D0%BB%D0%B8%D1%82%D0%B8%D0%BA%20big%20data,"ПАО«МТС», IT","{'от': None, 'до': None, 'валюта': None}",https://hh.ru/vacancy/68912629?query=%D0%B0%D0%BD%D0%B0%D0%BB%D0%B8%D1%82%D0%B8%D0%BA%20big%20data,Data Analyst на продукт Продвижение финансовых сервисов (Big Data)
https://hh.ru/vacancy/54996943?query=%D0%B0%D0%BD%D0%B0%D0%BB%D0%B8%D1%82%D0%B8%D0%BA%20big%20data,"ПАО«МТС», IT","{'от': None, 'до': None, 'валюта': None}",https://hh.ru/vacancy/54996943?query=%D0%B0%D0%BD%D0%B0%D0%BB%D0%B8%D1%82%D0%B8%D0%BA%20big%20data,Data Scientist / ML-инженер (Big Data)
https://hh.ru/vacancy/68950285?query=%D0%B0%D0%BD%D0%B0%D0%BB%D0%B8%D1%82%D0%B8%D0%BA%20big%20data,АльфаСтрахование,"{'от': None, 'до': None, 'валюта': None}",https://hh.ru/vacancy/68950285?query=%D0%B0%D0%BD%D0%B0%D0%BB%D0%B8%D1%82%D0%B8%D0%BA%20big%20data,Senior Data Analyst
https://hh.ru/vacancy/69330438?query=%D0%B0%D0%BD%D0%B0%D0%BB%D0%B8%D1%82%D0%B8%D0%BA%20big%20data,"Иннотех, Группа компаний","{'от': None, 'до': None, 'валюта': None}",https://hh.ru/vacancy/69330438?query=%D0%B0%D0%BD%D0%B0%D0%BB%D0%B8%D1%82%D0%B8%D0%BA%20big%20data,Системный аналитик (Решения для моделирования)
https://hh.ru/vacancy/70016490?query=%D0%B0%D0%BD%D0%B0%D0%BB%D0%B8%D1%82%D0%B8%D0%BA%20big%20data,"ПАО«МТС», IT","{'от': None, 'до': None, 'валюта': None}",https://hh.ru/vacancy/70016490?query=%D0%B0%D0%BD%D0%B0%D0%BB%D0%B8%D1%82%D0%B8%D0%BA%20big%20data,Системный аналитик на продукт Golden Record (Big Data)
https://hh.ru/vacancy/70346269?query=%D0%B0%D0%BD%D0%B0%D0%BB%D0%B8%D1%82%D0%B8%D0%BA%20big%20data,Сбер для экспертов,"{'от': None, 'до': None, 'валюта': None}",https://hh.ru/vacancy/70346269?query=%D0%B0%D0%BD%D0%B0%D0%BB%D0%B8%D1%82%D0%B8%D0%BA%20big%20data,Data Engineer
https://hh.ru/vacancy/70084676?query=%D0%B0%D0%BD%D0%B0%D0%BB%D0%B8%D1%82%D0%B8%D0%BA%20big%20data,Офис «Азбука вкуса»,"{'от': None, 'до': None, 'валюта': None}",https://hh.ru/vacancy/70084676?query=%D0%B0%D0%BD%D0%B0%D0%BB%D0%B8%D1%82%D0%B8%D0%BA%20big%20data,Руководитель отдела аналитики Big Data
https://hh.ru/vacancy/70084956?query=%D0%B0%D0%BD%D0%B0%D0%BB%D0%B8%D1%82%D0%B8%D0%BA%20big%20data,Офис «Азбука вкуса»,"{'от': None, 'до': None, 'валюта': None}",https://hh.ru/vacancy/70084956?query=%D0%B0%D0%BD%D0%B0%D0%BB%D0%B8%D1%82%D0%B8%D0%BA%20big%20data,Аналитик Big Data
https://hh.ru/vacancy/70159636?query=%D0%B0%D0%BD%D0%B0%D0%BB%D0%B8%D1%82%D0%B8%D0%BA%20big%20data,Original Group,"{'от': None, 'до': None, 'валюта': None}",https://hh.ru/vacancy/70159636?query=%D0%B0%D0%BD%D0%B0%D0%BB%D0%B8%D1%82%D0%B8%D0%BA%20big%20data,Системный аналитик
https://hh.ru/vacancy/69295100?query=%D0%B0%D0%BD%D0%B0%D0%BB%D0%B8%D1%82%D0%B8%D0%BA%20big%20data,СИТИЛИНК,"{'от': None, 'до': None, 'валюта': None}",https://hh.ru/vacancy/69295100?query=%D0%B0%D0%BD%D0%B0%D0%BB%D0%B8%D1%82%D0%B8%D0%BA%20big%20data,Data Engineer/Разработчик DWH+ETL
https://hh.ru/vacancy/69256420?query=%D0%B0%D0%BD%D0%B0%D0%BB%D0%B8%D1%82%D0%B8%D0%BA%20big%20data,Банк ВТБ (ПАО),"{'от': None, 'до': None, 'валюта': None}",https://hh.ru/vacancy/69256420?query=%D0%B0%D0%BD%D0%B0%D0%BB%D0%B8%D1%82%D0%B8%D0%BA%20big%20data,Middle data scientist в направлении розничного бизнеса
https://hh.ru/vacancy/68607121?query=%D0%B0%D0%BD%D0%B0%D0%BB%D0%B8%D1%82%D0%B8%D0%BA%20big%20data,ПАОДетский Мир,"{'от': None, 'до': 350000, 'валюта': 'руб.'}",https://hh.ru/vacancy/68607121?query=%D0%B0%D0%BD%D0%B0%D0%BB%D0%B8%D1%82%D0%B8%D0%BA%20big%20data,"Big Data Engineer (Spark, Hadoop)"
https://hh.ru/vacancy/68029844?query=%D0%B0%D0%BD%D0%B0%D0%BB%D0%B8%D1%82%D0%B8%D0%BA%20big%20data,ОООДелаем Игры,"{'от': None, 'до': None, 'валюта': None}",https://hh.ru/vacancy/68029844?query=%D0%B0%D0%BD%D0%B0%D0%BB%D0%B8%D1%82%D0%B8%D0%BA%20big%20data,Marketing/Product Analyst
https://hh.ru/vacancy/68117038?query=%D0%B0%D0%BD%D0%B0%D0%BB%D0%B8%D1%82%D0%B8%D0%BA%20big%20data,Банк Хоум Кредит,"{'от': None, 'до': None, 'валюта': None}",https://hh.ru/vacancy/68117038?query=%D0%B0%D0%BD%D0%B0%D0%BB%D0%B8%D1%82%D0%B8%D0%BA%20big%20data,Разработчик BigData / Развитие SmartData
https://hh.ru/vacancy/68579036?query=%D0%B0%D0%BD%D0%B0%D0%BB%D0%B8%D1%82%D0%B8%D0%BA%20big%20data,Gameram,"{'от': 250000, 'до': None, 'валюта': 'руб.'}",https://hh.ru/vacancy/68579036?query=%D0%B0%D0%BD%D0%B0%D0%BB%D0%B8%D1%82%D0%B8%D0%BA%20big%20data,ML engineer
https://hh.ru/vacancy/70346043?query=%D0%B0%D0%BD%D0%B0%D0%BB%D0%B8%D1%82%D0%B8%D0%BA%20big%20data,Tele2,"{'от': None, 'до': None, 'валюта': None}",https://hh.ru/vacancy/70346043?query=%D0%B0%D0%BD%D0%B0%D0%BB%D0%B8%D1%82%D0%B8%D0%BA%20big%20data,Data analyst (Big data)
https://hh.ru/vacancy/70700647?query=%D0%B0%D0%BD%D0%B0%D0%BB%D0%B8%D1%82%D0%B8%D0%BA%20big%20data,Flocktory,"{'от': None, 'до': None, 'валюта': None}",https://hh.ru/vacancy/70700647?query=%D0%B0%D0%BD%D0%B0%D0%BB%D0%B8%D1%82%D0%B8%D0%BA%20big%20data,Senior Data Scientist в команду MarTech & Data продуктов
https://hh.ru/vacancy/70219339?query=%D0%B0%D0%BD%D0%B0%D0%BB%D0%B8%D1%82%D0%B8%D0%BA%20big%20data,КОРУС Консалтинг,"{'от': None, 'до': None, 'валюта': None}",https://hh.ru/vacancy/70219339?query=%D0%B0%D0%BD%D0%B0%D0%BB%D0%B8%D1%82%D0%B8%D0%BA%20big%20data,Разработчик Big Data / Hadoop (Middle / Senior)
https://hh.ru/vacancy/70174883?query=%D0%B0%D0%BD%D0%B0%D0%BB%D0%B8%D1%82%D0%B8%D0%BA%20big%20data,GS Capital,"{'от': None, 'до': 100000, 'валюта': 'руб.'}",https://hh.ru/vacancy/70174883?query=%D0%B0%D0%BD%D0%B0%D0%BB%D0%B8%D1%82%D0%B8%D0%BA%20big%20data,Аналитик iGaming/Betting продукт
https://hh.ru/vacancy/70397971?query=%D0%B0%D0%BD%D0%B0%D0%BB%D0%B8%D1%82%D0%B8%D0%BA%20big%20data,Emerald Green,"{'от': 3000, 'до': 3000, 'валюта': 'USD'}",https://hh.ru/vacancy/70397971?query=%D0%B0%D0%BD%D0%B0%D0%BB%D0%B8%D1%82%D0%B8%D0%BA%20big%20data,DeFi researcher / Analyst / Аналитик
https://hh.ru/vacancy/69431282?query=%D0%B0%D0%BD%D0%B0%D0%BB%D0%B8%D1%82%D0%B8%D0%BA%20big%20data,АОЗарубежнефть,"{'от': None, 'до': None, 'валюта': None}",https://hh.ru/vacancy/69431282?query=%D0%B0%D0%BD%D0%B0%D0%BB%D0%B8%D1%82%D0%B8%D0%BA%20big%20data,Аналитик данных (DWH)
https://hh.ru/vacancy/70088147?query=%D0%B0%D0%BD%D0%B0%D0%BB%D0%B8%D1%82%D0%B8%D0%BA%20big%20data,Home Alliance,"{'от': None, 'до': None, 'валюта': None}",https://hh.ru/vacancy/70088147?query=%D0%B0%D0%BD%D0%B0%D0%BB%D0%B8%D1%82%D0%B8%D0%BA%20big%20data,Analyst | BI Developer
https://hh.ru/vacancy/70745333?query=%D0%B0%D0%BD%D0%B0%D0%BB%D0%B8%D1%82%D0%B8%D0%BA%20big%20data,"ПАО«МТС», IT","{'от': None, 'до': None, 'валюта': None}",https://hh.ru/vacancy/70745333?query=%D0%B0%D0%BD%D0%B0%D0%BB%D0%B8%D1%82%D0%B8%D0%BA%20big%20data,Senior python developer на продукт Golden Record (Big Data)
https://hh.ru/vacancy/68565403?query=%D0%B0%D0%BD%D0%B0%D0%BB%D0%B8%D1%82%D0%B8%D0%BA%20big%20data,Банк Открытие,"{'от': None, 'до': None, 'валюта': None}",https://hh.ru/vacancy/68565403?query=%D0%B0%D0%BD%D0%B0%D0%BB%D0%B8%D1%82%D0%B8%D0%BA%20big%20data,Аналитик SQL
https://hh.ru/vacancy/69981940?query=%D0%B0%D0%BD%D0%B0%D0%BB%D0%B8%D1%82%D0%B8%D0%BA%20big%20data,ОООАЙТИ.СПЕЙС,"{'от': 200000, 'до': 350000, 'валюта': 'руб.'}",https://hh.ru/vacancy/69981940?query=%D0%B0%D0%BD%D0%B0%D0%BB%D0%B8%D1%82%D0%B8%D0%BA%20big%20data,Аналитик данных
https://hh.ru/vacancy/70867430?query=%D0%B0%D0%BD%D0%B0%D0%BB%D0%B8%D1%82%D0%B8%D0%BA%20big%20data,IBS,"{'от': None, 'до': None, 'валюта': None}",https://hh.ru/vacancy/70867430?query=%D0%B0%D0%BD%D0%B0%D0%BB%D0%B8%D1%82%D0%B8%D0%BA%20big%20data,Системный аналитик DWH
https://hh.ru/vacancy/69592275?query=%D0%B0%D0%BD%D0%B0%D0%BB%D0%B8%D1%82%D0%B8%D0%BA%20big%20data,Райффайзен Банк,"{'от': None, 'до': None, 'валюта': None}",https://hh.ru/vacancy/69592275?query=%D0%B0%D0%BD%D0%B0%D0%BB%D0%B8%D1%82%D0%B8%D0%BA%20big%20data,DWH-аналитик в команду развития аналитической платформы данных
https://hh.ru/vacancy/69822593?query=%D0%B0%D0%BD%D0%B0%D0%BB%D0%B8%D1%82%D0%B8%D0%BA%20big%20data,Платформа ОФД,"{'от': None, 'до': None, 'валюта': None}",https://hh.ru/vacancy/69822593?query=%D0%B0%D0%BD%D0%B0%D0%BB%D0%B8%D1%82%D0%B8%D0%BA%20big%20data,Team Lead Data Engineer (Big Data)
https://hh.ru/vacancy/68850179?query=%D0%B0%D0%BD%D0%B0%D0%BB%D0%B8%D1%82%D0%B8%D0%BA%20big%20data,Bell Integrator,"{'от': None, 'до': None, 'валюта': None}",https://hh.ru/vacancy/68850179?query=%D0%B0%D0%BD%D0%B0%D0%BB%D0%B8%D1%82%D0%B8%D0%BA%20big%20data,Аналитик данных (Jinior/Middle)
https://hh.ru/vacancy/68697595?query=%D0%B0%D0%BD%D0%B0%D0%BB%D0%B8%D1%82%D0%B8%D0%BA%20big%20data,Tele2,"{'от': None, 'до': None, 'валюта': None}",https://hh.ru/vacancy/68697595?query=%D0%B0%D0%BD%D0%B0%D0%BB%D0%B8%D1%82%D0%B8%D0%BA%20big%20data,Web-аналитик
https://hh.ru/vacancy/70530223?query=%D0%B0%D0%BD%D0%B0%D0%BB%D0%B8%D1%82%D0%B8%D0%BA%20big%20data,Лига Цифровой Экономики,"{'от': None, 'до': None, 'валюта': None}",https://hh.ru/vacancy/70530223?query=%D0%B0%D0%BD%D0%B0%D0%BB%D0%B8%D1%82%D0%B8%D0%BA%20big%20data,Системный аналитик/Аналитик данных Big Data (middle)
https://hh.ru/vacancy/70576738?query=%D0%B0%D0%BD%D0%B0%D0%BB%D0%B8%D1%82%D0%B8%D0%BA%20big%20data,"ПАО«МТС», IT","{'от': None, 'до': None, 'валюта': None}",https://hh.ru/vacancy/70576738?query=%D0%B0%D0%BD%D0%B0%D0%BB%D0%B8%D1%82%D0%B8%D0%BA%20big%20data,Data engineer на продукт Антиспам (Big Data)
https://hh.ru/vacancy/69898430?query=%D0%B0%D0%BD%D0%B0%D0%BB%D0%B8%D1%82%D0%B8%D0%BA%20big%20data,"Иннотех, Группа компаний","{'от': None, 'до': None, 'валюта': None}",https://hh.ru/vacancy/69898430?query=%D0%B0%D0%BD%D0%B0%D0%BB%D0%B8%D1%82%D0%B8%D0%BA%20big%20data,Ведущий аналитик данных (ДИР)
https://hh.ru/vacancy/69718730?query=%D0%B0%D0%BD%D0%B0%D0%BB%D0%B8%D1%82%D0%B8%D0%BA%20big%20data,Ozon Офис и Коммерция,"{'от': None, 'до': None, 'валюта': None}",https://hh.ru/vacancy/69718730?query=%D0%B0%D0%BD%D0%B0%D0%BB%D0%B8%D1%82%D0%B8%D0%BA%20big%20data,Аналитик/Бизнес-аналитик
https://hh.ru/vacancy/70672516?query=%D0%B0%D0%BD%D0%B0%D0%BB%D0%B8%D1%82%D0%B8%D0%BA%20big%20data,Райффайзен Банк,"{'от': None, 'до': None, 'валюта': None}",https://hh.ru/vacancy/70672516?query=%D0%B0%D0%BD%D0%B0%D0%BB%D0%B8%D1%82%D0%B8%D0%BA%20big%20data,DWH аналитик в команду стриминговой платформы данных
https://hh.ru/vacancy/68685601?query=%D0%B0%D0%BD%D0%B0%D0%BB%D0%B8%D1%82%D0%B8%D0%BA%20big%20data,VK,"{'от': None, 'до': None, 'валюта': None}",https://hh.ru/vacancy/68685601?query=%D0%B0%D0%BD%D0%B0%D0%BB%D0%B8%D1%82%D0%B8%D0%BA%20big%20data,Аналитик данных (Рекламные технологии)
https://hh.ru/vacancy/70466393?query=%D0%B0%D0%BD%D0%B0%D0%BB%D0%B8%D1%82%D0%B8%D0%BA%20big%20data,"ПАО«МТС», IT","{'от': None, 'до': None, 'валюта': None}",https://hh.ru/vacancy/70466393?query=%D0%B0%D0%BD%D0%B0%D0%BB%D0%B8%D1%82%D0%B8%D0%BA%20big%20data,Android developer на продукт МТС Аналитика (Big Data)
https://hh.ru/vacancy/68217106?query=%D0%B0%D0%BD%D0%B0%D0%BB%D0%B8%D1%82%D0%B8%D0%BA%20big%20data,VK,"{'от': None, 'до': None, 'валюта': None}",https://hh.ru/vacancy/68217106?query=%D0%B0%D0%BD%D0%B0%D0%BB%D0%B8%D1%82%D0%B8%D0%BA%20big%20data,Data Analyst (команда автоматизации ML-процессов)
https://hh.ru/vacancy/70816986?query=%D0%B0%D0%BD%D0%B0%D0%BB%D0%B8%D1%82%D0%B8%D0%BA%20big%20data,WONE IT,"{'от': None, 'до': None, 'валюта': None}",https://hh.ru/vacancy/70816986?query=%D0%B0%D0%BD%D0%B0%D0%BB%D0%B8%D1%82%D0%B8%D0%BA%20big%20data,Data Analyst
https://hh.ru/vacancy/69656145?query=%D0%B0%D0%BD%D0%B0%D0%BB%D0%B8%D1%82%D0%B8%D0%BA%20big%20data,"ПАО«МТС», IT","{'от': None, 'до': None, 'валюта': None}",https://hh.ru/vacancy/69656145?query=%D0%B0%D0%BD%D0%B0%D0%BB%D0%B8%D1%82%D0%B8%D0%BA%20big%20data,Системный аналитик на продукт МТС Аналитика (Big Data)
https://hh.ru/vacancy/69035429?query=%D0%B0%D0%BD%D0%B0%D0%BB%D0%B8%D1%82%D0%B8%D0%BA%20big%20data,Группа Компаний Традиция,"{'от': None, 'до': None, 'валюта': None}",https://hh.ru/vacancy/69035429?query=%D0%B0%D0%BD%D0%B0%D0%BB%D0%B8%D1%82%D0%B8%D0%BA%20big%20data,Аналитик по отчетности
https://hh.ru/vacancy/70030624?query=%D0%B0%D0%BD%D0%B0%D0%BB%D0%B8%D1%82%D0%B8%D0%BA%20big%20data,Сбер. IT,"{'от': None, 'до': None, 'валюта': None}",https://hh.ru/vacancy/70030624?query=%D0%B0%D0%BD%D0%B0%D0%BB%D0%B8%D1%82%D0%B8%D0%BA%20big%20data,Разработчик Big Data
https://hh.ru/vacancy/70697027?query=%D0%B0%D0%BD%D0%B0%D0%BB%D0%B8%D1%82%D0%B8%D0%BA%20big%20data,КРОК,"{'от': None, 'до': None, 'валюта': None}",https://hh.ru/vacancy/70697027?query=%D0%B0%D0%BD%D0%B0%D0%BB%D0%B8%D1%82%D0%B8%D0%BA%20big%20data,Технический менеджер Big Data
https://hh.ru/vacancy/70688468?query=%D0%B0%D0%BD%D0%B0%D0%BB%D0%B8%D1%82%D0%B8%D0%BA%20big%20data,Неофлекс,"{'от': None, 'до': None, 'валюта': None}",https://hh.ru/vacancy/70688468?query=%D0%B0%D0%BD%D0%B0%D0%BB%D0%B8%D1%82%D0%B8%D0%BA%20big%20data,Старший системный аналитик (BigData)
https://hh.ru/vacancy/68462166?query=%D0%B0%D0%BD%D0%B0%D0%BB%D0%B8%D1%82%D0%B8%D0%BA%20big%20data,билайн,"{'от': None, 'до': None, 'валюта': None}",https://hh.ru/vacancy/68462166?query=%D0%B0%D0%BD%D0%B0%D0%BB%D0%B8%D1%82%D0%B8%D0%BA%20big%20data,Менеджер по BI аналитике
https://hh.ru/vacancy/70765362?query=%D0%B0%D0%BD%D0%B0%D0%BB%D0%B8%D1%82%D0%B8%D0%BA%20big%20data,"ПАО«МТС», IT","{'от': None, 'до': None, 'валюта': None}",https://hh.ru/vacancy/70765362?query=%D0%B0%D0%BD%D0%B0%D0%BB%D0%B8%D1%82%D0%B8%D0%BA%20big%20data,Middle Business Analyst на продукт измерение клиентского опыта - tNPS (Big Data)
https://hh.ru/vacancy/70701035?query=%D0%B0%D0%BD%D0%B0%D0%BB%D0%B8%D1%82%D0%B8%D0%BA%20big%20data,"DODO BRANDS (Dodo Pizza, Drinkit, Doner 42)","{'от': 280000, 'до': 350000, 'валюта': 'руб.'}",https://hh.ru/vacancy/70701035?query=%D0%B0%D0%BD%D0%B0%D0%BB%D0%B8%D1%82%D0%B8%D0%BA%20big%20data,Data Engineer Lead
https://hh.ru/vacancy/70743616?query=%D0%B0%D0%BD%D0%B0%D0%BB%D0%B8%D1%82%D0%B8%D0%BA%20big%20data,"ПАО«МТС», IT","{'от': None, 'до': None, 'валюта': None}",https://hh.ru/vacancy/70743616?query=%D0%B0%D0%BD%D0%B0%D0%BB%D0%B8%D1%82%D0%B8%D0%BA%20big%20data,Data engineer на продукт tNPS - измерение клиентского опыта (Big Data)
https://hh.ru/vacancy/70735263?query=%D0%B0%D0%BD%D0%B0%D0%BB%D0%B8%D1%82%D0%B8%D0%BA%20big%20data,USETECH,"{'от': None, 'до': None, 'валюта': None}",https://hh.ru/vacancy/70735263?query=%D0%B0%D0%BD%D0%B0%D0%BB%D0%B8%D1%82%D0%B8%D0%BA%20big%20data,Аналитик DWH
https://hh.ru/vacancy/70569253?query=%D0%B0%D0%BD%D0%B0%D0%BB%D0%B8%D1%82%D0%B8%D0%BA%20big%20data,"Лента, федеральная розничная сеть, IT ","{'от': None, 'до': None, 'валюта': None}",https://hh.ru/vacancy/70569253?query=%D0%B0%D0%BD%D0%B0%D0%BB%D0%B8%D1%82%D0%B8%D0%BA%20big%20data,Менеджер продукта (Big Data)
https://hh.ru/vacancy/70755724?query=%D0%B0%D0%BD%D0%B0%D0%BB%D0%B8%D1%82%D0%B8%D0%BA%20big%20data,"ПАО«МТС», IT","{'от': None, 'до': None, 'валюта': None}",https://hh.ru/vacancy/70755724?query=%D0%B0%D0%BD%D0%B0%D0%BB%D0%B8%D1%82%D0%B8%D0%BA%20big%20data,Middle Data Analyst на продукт измерение клиентского опыта - tNPS (Big Data)
https://hh.ru/vacancy/69825718?query=%D0%B0%D0%BD%D0%B0%D0%BB%D0%B8%D1%82%D0%B8%D0%BA%20big%20data,Группа Самолет,"{'от': None, 'до': None, 'валюта': None}",https://hh.ru/vacancy/69825718?query=%D0%B0%D0%BD%D0%B0%D0%BB%D0%B8%D1%82%D0%B8%D0%BA%20big%20data,Data Quality analyst
https://hh.ru/vacancy/70370356?query=%D0%B0%D0%BD%D0%B0%D0%BB%D0%B8%D1%82%D0%B8%D0%BA%20big%20data,ОООАвтомакон,"{'от': 100000, 'до': 300000, 'валюта': 'руб.'}",https://hh.ru/vacancy/70370356?query=%D0%B0%D0%BD%D0%B0%D0%BB%D0%B8%D1%82%D0%B8%D0%BA%20big%20data,Системный аналитик
https://hh.ru/vacancy/70420868?query=%D0%B0%D0%BD%D0%B0%D0%BB%D0%B8%D1%82%D0%B8%D0%BA%20big%20data,"Иннотех, Группа компаний","{'от': None, 'до': None, 'валюта': None}",https://hh.ru/vacancy/70420868?query=%D0%B0%D0%BD%D0%B0%D0%BB%D0%B8%D1%82%D0%B8%D0%BA%20big%20data,Аналитик Big Data
https://hh.ru/vacancy/70686832?query=%D0%B0%D0%BD%D0%B0%D0%BB%D0%B8%D1%82%D0%B8%D0%BA%20big%20data,АДВ,"{'от': None, 'до': None, 'валюта': None}",https://hh.ru/vacancy/70686832?query=%D0%B0%D0%BD%D0%B0%D0%BB%D0%B8%D1%82%D0%B8%D0%BA%20big%20data,Data Scientist / Аналитик данных
https://hh.ru/vacancy/70841969?query=%D0%B0%D0%BD%D0%B0%D0%BB%D0%B8%D1%82%D0%B8%D0%BA%20big%20data, Альфа-Банк,"{'от': None, 'до': None, 'валюта': None}",https://hh.ru/vacancy/70841969?query=%D0%B0%D0%BD%D0%B0%D0%BB%D0%B8%D1%82%D0%B8%D0%BA%20big%20data,Аналитик-разработчик Power BI
https://hh.ru/vacancy/68841364?query=%D0%B0%D0%BD%D0%B0%D0%BB%D0%B8%D1%82%D0%B8%D0%BA%20big%20data,Платформа ОФД,"{'от': None, 'до': None, 'валюта': None}",https://hh.ru/vacancy/68841364?query=%D0%B0%D0%BD%D0%B0%D0%BB%D0%B8%D1%82%D0%B8%D0%BA%20big%20data,Data Engineer (Big Data)
https://hh.ru/vacancy/69658696?query=%D0%B0%D0%BD%D0%B0%D0%BB%D0%B8%D1%82%D0%B8%D0%BA%20big%20data,Банк ВТБ (ПАО),"{'от': None, 'до': None, 'валюта': None}",https://hh.ru/vacancy/69658696?query=%D0%B0%D0%BD%D0%B0%D0%BB%D0%B8%D1%82%D0%B8%D0%BA%20big%20data,Data Engineer/ Аналитик данных
https://hh.ru/vacancy/68579663?query=%D0%B0%D0%BD%D0%B0%D0%BB%D0%B8%D1%82%D0%B8%D0%BA%20big%20data,"Программный Продукт, ИТ-компания","{'от': None, 'до': None, 'валюта': None}",https://hh.ru/vacancy/68579663?query=%D0%B0%D0%BD%D0%B0%D0%BB%D0%B8%D1%82%D0%B8%D0%BA%20big%20data,Аналитик данных (Big data)
https://hh.ru/vacancy/70702501?query=%D0%B0%D0%BD%D0%B0%D0%BB%D0%B8%D1%82%D0%B8%D0%BA%20big%20data,Банк ВТБ (ПАО),"{'от': None, 'до': None, 'валюта': None}",https://hh.ru/vacancy/70702501?query=%D0%B0%D0%BD%D0%B0%D0%BB%D0%B8%D1%82%D0%B8%D0%BA%20big%20data,Аналитик данных (Data Analyst)
https://hh.ru/vacancy/70852389?query=%D0%B0%D0%BD%D0%B0%D0%BB%D0%B8%D1%82%D0%B8%D0%BA%20big%20data,QIWI,"{'от': None, 'до': None, 'валюта': None}",https://hh.ru/vacancy/70852389?query=%D0%B0%D0%BD%D0%B0%D0%BB%D0%B8%D1%82%D0%B8%D0%BA%20big%20data,Data analyst
https://hh.ru/vacancy/70803074?query=%D0%B0%D0%BD%D0%B0%D0%BB%D0%B8%D1%82%D0%B8%D0%BA%20big%20data,ОООМИКРОКРЕДИТНАЯ КОМПАНИЯ ЗАБИРАЙ,"{'от': None, 'до': None, 'валюта': None}",https://hh.ru/vacancy/70803074?query=%D0%B0%D0%BD%D0%B0%D0%BB%D0%B8%D1%82%D0%B8%D0%BA%20big%20data,Data scientist в команду рисков
https://hh.ru/vacancy/70333991?query=%D0%B0%D0%BD%D0%B0%D0%BB%D0%B8%D1%82%D0%B8%D0%BA%20big%20data,ОООАвтомакон,"{'от': 100000, 'до': 300000, 'валюта': 'руб.'}",https://hh.ru/vacancy/70333991?query=%D0%B0%D0%BD%D0%B0%D0%BB%D0%B8%D1%82%D0%B8%D0%BA%20big%20data,Аналитик MS SQL
https://hh.ru/vacancy/69069286?query=%D0%B0%D0%BD%D0%B0%D0%BB%D0%B8%D1%82%D0%B8%D0%BA%20big%20data,ПАОМТС Банк. IT,"{'от': None, 'до': None, 'валюта': None}",https://hh.ru/vacancy/69069286?query=%D0%B0%D0%BD%D0%B0%D0%BB%D0%B8%D1%82%D0%B8%D0%BA%20big%20data,Старший системный аналитик
https://hh.ru/vacancy/69700212?query=%D0%B0%D0%BD%D0%B0%D0%BB%D0%B8%D1%82%D0%B8%D0%BA%20big%20data,Платформа Больших Данных,"{'от': 240000, 'до': '', 'валюта': 'руб.'}",https://hh.ru/vacancy/69700212?query=%D0%B0%D0%BD%D0%B0%D0%BB%D0%B8%D1%82%D0%B8%D0%BA%20big%20data,Senior Аналитик BI
https://hh.ru/vacancy/69473891?query=%D0%B0%D0%BD%D0%B0%D0%BB%D0%B8%D1%82%D0%B8%D0%BA%20big%20data,Группа Актион,"{'от': 250000, 'до': None, 'валюта': 'руб.'}",https://hh.ru/vacancy/69473891?query=%D0%B0%D0%BD%D0%B0%D0%BB%D0%B8%D1%82%D0%B8%D0%BA%20big%20data,Ведущий специалист по управлению данными в проекте Сервис Проверки Контрагентов / Data Lead
https://hh.ru/vacancy/69570270?query=%D0%B0%D0%BD%D0%B0%D0%BB%D0%B8%D1%82%D0%B8%D0%BA%20big%20data,ОООАктив Матрикс,"{'от': 210000, 'до': None, 'валюта': 'руб.'}",https://hh.ru/vacancy/69570270?query=%D0%B0%D0%BD%D0%B0%D0%BB%D0%B8%D1%82%D0%B8%D0%BA%20big%20data,Программист С++ (data engineer)
https://hh.ru/vacancy/69614149?query=%D0%B0%D0%BD%D0%B0%D0%BB%D0%B8%D1%82%D0%B8%D0%BA%20big%20data,АОАгроТаргет,"{'от': 150000, 'до': 200000, 'валюта': 'руб.'}",https://hh.ru/vacancy/69614149?query=%D0%B0%D0%BD%D0%B0%D0%BB%D0%B8%D1%82%D0%B8%D0%BA%20big%20data,Backend Developer (Python)
https://hh.ru/vacancy/69678124?query=%D0%B0%D0%BD%D0%B0%D0%BB%D0%B8%D1%82%D0%B8%D0%BA%20big%20data,Соломин Глеб,"{'от': 250000, 'до': '', 'валюта': 'руб.'}",https://hh.ru/vacancy/69678124?query=%D0%B0%D0%BD%D0%B0%D0%BB%D0%B8%D1%82%D0%B8%D0%BA%20big%20data,Middle/Senior PHP/Go-разработчик
https://hh.ru/vacancy/69275699?query=%D0%B0%D0%BD%D0%B0%D0%BB%D0%B8%D1%82%D0%B8%D0%BA%20big%20data,Инфосистемы Джет,"{'от': None, 'до': None, 'валюта': None}",https://hh.ru/vacancy/69275699?query=%D0%B0%D0%BD%D0%B0%D0%BB%D0%B8%D1%82%D0%B8%D0%BA%20big%20data,Business Development Manager (Applications)
https://hh.ru/vacancy/69629513?query=%D0%B0%D0%BD%D0%B0%D0%BB%D0%B8%D1%82%D0%B8%D0%BA%20big%20data,Navicon,"{'от': None, 'до': None, 'валюта': None}",https://hh.ru/vacancy/69629513?query=%D0%B0%D0%BD%D0%B0%D0%BB%D0%B8%D1%82%D0%B8%D0%BA%20big%20data,Бизнес-аналитик Track&Trace
https://hh.ru/vacancy/69617754?query=%D0%B0%D0%BD%D0%B0%D0%BB%D0%B8%D1%82%D0%B8%D0%BA%20big%20data,Tele2,"{'от': None, 'до': None, 'валюта': None}",https://hh.ru/vacancy/69617754?query=%D0%B0%D0%BD%D0%B0%D0%BB%D0%B8%D1%82%D0%B8%D0%BA%20big%20data,Head of Data Science
https://hh.ru/vacancy/69088830?query=%D0%B0%D0%BD%D0%B0%D0%BB%D0%B8%D1%82%D0%B8%D0%BA%20big%20data,Газпромбанк,"{'от': None, 'до': None, 'валюта': None}",https://hh.ru/vacancy/69088830?query=%D0%B0%D0%BD%D0%B0%D0%BB%D0%B8%D1%82%D0%B8%D0%BA%20big%20data,Team Lead программы проектов модернизации платформы данных
https://hh.ru/vacancy/69861199?query=%D0%B0%D0%BD%D0%B0%D0%BB%D0%B8%D1%82%D0%B8%D0%BA%20big%20data,SMPS Marketing ltd,"{'от': None, 'до': None, 'валюта': None}",https://hh.ru/vacancy/69861199?query=%D0%B0%D0%BD%D0%B0%D0%BB%D0%B8%D1%82%D0%B8%D0%BA%20big%20data,Junior Backoffice Analyst
https://hh.ru/vacancy/69258228?query=%D0%B0%D0%BD%D0%B0%D0%BB%D0%B8%D1%82%D0%B8%D0%BA%20big%20data,ОООHeadHunter::Project Management,"{'от': None, 'до': None, 'валюта': None}",https://hh.ru/vacancy/69258228?query=%D0%B0%D0%BD%D0%B0%D0%BB%D0%B8%D1%82%D0%B8%D0%BA%20big%20data,Project Manager
https://hh.ru/vacancy/54911771?query=%D0%B0%D0%BD%D0%B0%D0%BB%D0%B8%D1%82%D0%B8%D0%BA%20big%20data,ГКУ Инфогород,"{'от': None, 'до': None, 'валюта': None}",https://hh.ru/vacancy/54911771?query=%D0%B0%D0%BD%D0%B0%D0%BB%D0%B8%D1%82%D0%B8%D0%BA%20big%20data,Аналитик по работе с данными
https://hh.ru/vacancy/68020074?query=%D0%B0%D0%BD%D0%B0%D0%BB%D0%B8%D1%82%D0%B8%D0%BA%20big%20data,ПАОМТС Банк. IT,"{'от': None, 'до': None, 'валюта': None}",https://hh.ru/vacancy/68020074?query=%D0%B0%D0%BD%D0%B0%D0%BB%D0%B8%D1%82%D0%B8%D0%BA%20big%20data,Системный аналитик
https://hh.ru/vacancy/67114834?query=%D0%B0%D0%BD%D0%B0%D0%BB%D0%B8%D1%82%D0%B8%D0%BA%20big%20data,ОООПерфект Арт,"{'от': None, 'до': None, 'валюта': None}",https://hh.ru/vacancy/67114834?query=%D0%B0%D0%BD%D0%B0%D0%BB%D0%B8%D1%82%D0%B8%D0%BA%20big%20data,Frontend Developer (Angular) (to Serbia)
https://hh.ru/vacancy/69712214?query=%D0%B0%D0%BD%D0%B0%D0%BB%D0%B8%D1%82%D0%B8%D0%BA%20big%20data,ПАОМТС Банк. IT,"{'от': None, 'до': None, 'валюта': None}",https://hh.ru/vacancy/69712214?query=%D0%B0%D0%BD%D0%B0%D0%BB%D0%B8%D1%82%D0%B8%D0%BA%20big%20data,Старший системный аналитик
https://hh.ru/vacancy/66075789?query=%D0%B0%D0%BD%D0%B0%D0%BB%D0%B8%D1%82%D0%B8%D0%BA%20big%20data,ОООHeadHunter::Product Management,"{'от': None, 'до': None, 'валюта': None}",https://hh.ru/vacancy/66075789?query=%D0%B0%D0%BD%D0%B0%D0%BB%D0%B8%D1%82%D0%B8%D0%BA%20big%20data,Middle/Senior продуктовый аналитик в направление монетизации
https://hh.ru/vacancy/69748788?query=%D0%B0%D0%BD%D0%B0%D0%BB%D0%B8%D1%82%D0%B8%D0%BA%20big%20data,Antal Talent,"{'от': 130000, 'до': 150000, 'валюта': 'руб.'}",https://hh.ru/vacancy/69748788?query=%D0%B0%D0%BD%D0%B0%D0%BB%D0%B8%D1%82%D0%B8%D0%BA%20big%20data,Экономист-аналитик
https://hh.ru/vacancy/67095312?query=%D0%B0%D0%BD%D0%B0%D0%BB%D0%B8%D1%82%D0%B8%D0%BA%20big%20data,ПАОМТС Банк. Головной офис,"{'от': None, 'до': None, 'валюта': None}",https://hh.ru/vacancy/67095312?query=%D0%B0%D0%BD%D0%B0%D0%BB%D0%B8%D1%82%D0%B8%D0%BA%20big%20data,Ведущий системный аналитик
https://hh.ru/vacancy/69762722?query=%D0%B0%D0%BD%D0%B0%D0%BB%D0%B8%D1%82%D0%B8%D0%BA%20big%20data,Navicon,"{'от': None, 'до': None, 'валюта': None}",https://hh.ru/vacancy/69762722?query=%D0%B0%D0%BD%D0%B0%D0%BB%D0%B8%D1%82%D0%B8%D0%BA%20big%20data,Младший бизнес-аналитик Track&Trace
https://hh.ru/vacancy/68784510?query=%D0%B0%D0%BD%D0%B0%D0%BB%D0%B8%D1%82%D0%B8%D0%BA%20big%20data,"ПАО«МТС», IT","{'от': None, 'до': None, 'валюта': None}",https://hh.ru/vacancy/68784510?query=%D0%B0%D0%BD%D0%B0%D0%BB%D0%B8%D1%82%D0%B8%D0%BA%20big%20data,DevOps engineer в МТС Метрику (Big Data)
https://hh.ru/vacancy/69533311?query=%D0%B0%D0%BD%D0%B0%D0%BB%D0%B8%D1%82%D0%B8%D0%BA%20big%20data,ОООПРОФ-ИТ ГРУПП,"{'от': None, 'до': None, 'валюта': None}",https://hh.ru/vacancy/69533311?query=%D0%B0%D0%BD%D0%B0%D0%BB%D0%B8%D1%82%D0%B8%D0%BA%20big%20data,Ведущий консультант аналитик 1C
https://hh.ru/vacancy/68836958?query=%D0%B0%D0%BD%D0%B0%D0%BB%D0%B8%D1%82%D0%B8%D0%BA%20big%20data,НОРБИТ,"{'от': None, 'до': None, 'валюта': None}",https://hh.ru/vacancy/68836958?query=%D0%B0%D0%BD%D0%B0%D0%BB%D0%B8%D1%82%D0%B8%D0%BA%20big%20data,Ведущий программист DS/DE
https://hh.ru/vacancy/69743582?query=%D0%B0%D0%BD%D0%B0%D0%BB%D0%B8%D1%82%D0%B8%D0%BA%20big%20data,ОООБюро кредитных историй Скоринг Бюро,"{'от': None, 'до': None, 'валюта': None}",https://hh.ru/vacancy/69743582?query=%D0%B0%D0%BD%D0%B0%D0%BB%D0%B8%D1%82%D0%B8%D0%BA%20big%20data,DataScientist построение моделей
https://hh.ru/vacancy/69824658?query=%D0%B0%D0%BD%D0%B0%D0%BB%D0%B8%D1%82%D0%B8%D0%BA%20big%20data,Инфосистемы Джет,"{'от': None, 'до': None, 'валюта': None}",https://hh.ru/vacancy/69824658?query=%D0%B0%D0%BD%D0%B0%D0%BB%D0%B8%D1%82%D0%B8%D0%BA%20big%20data,Business Development Manager
https://hh.ru/vacancy/69761981?query=%D0%B0%D0%BD%D0%B0%D0%BB%D0%B8%D1%82%D0%B8%D0%BA%20big%20data,Правительство Москвы,"{'от': None, 'до': 49200, 'валюта': 'руб.'}",https://hh.ru/vacancy/69761981?query=%D0%B0%D0%BD%D0%B0%D0%BB%D0%B8%D1%82%D0%B8%D0%BA%20big%20data,Аналитик данных (стажёр)
https://hh.ru/vacancy/69816098?query=%D0%B0%D0%BD%D0%B0%D0%BB%D0%B8%D1%82%D0%B8%D0%BA%20big%20data,ОООФазум,"{'от': None, 'до': None, 'валюта': None}",https://hh.ru/vacancy/69816098?query=%D0%B0%D0%BD%D0%B0%D0%BB%D0%B8%D1%82%D0%B8%D0%BA%20big%20data,Системный аналитик
https://hh.ru/vacancy/69177011?query=%D0%B0%D0%BD%D0%B0%D0%BB%D0%B8%D1%82%D0%B8%D0%BA%20big%20data,Ипотека.Центр,"{'от': None, 'до': None, 'валюта': None}",https://hh.ru/vacancy/69177011?query=%D0%B0%D0%BD%D0%B0%D0%BB%D0%B8%D1%82%D0%B8%D0%BA%20big%20data,Web-аналитик / Руководитель web-аналитики
https://hh.ru/vacancy/69821307?query=%D0%B0%D0%BD%D0%B0%D0%BB%D0%B8%D1%82%D0%B8%D0%BA%20big%20data,ALTHAUS Group,"{'от': None, 'до': None, 'валюта': None}",https://hh.ru/vacancy/69821307?query=%D0%B0%D0%BD%D0%B0%D0%BB%D0%B8%D1%82%D0%B8%D0%BA%20big%20data,Investment Analyst / Senior Analyst
https://hh.ru/vacancy/69806167?query=%D0%B0%D0%BD%D0%B0%D0%BB%D0%B8%D1%82%D0%B8%D0%BA%20big%20data,Яндекс,"{'от': None, 'до': None, 'валюта': None}",https://hh.ru/vacancy/69806167?query=%D0%B0%D0%BD%D0%B0%D0%BB%D0%B8%D1%82%D0%B8%D0%BA%20big%20data,Аналитик-разработчик в команду технологий безопасности Такси
https://hh.ru/vacancy/69802072?query=%D0%B0%D0%BD%D0%B0%D0%BB%D0%B8%D1%82%D0%B8%D0%BA%20big%20data,MTRENDO,"{'от': 90000, 'до': 150000, 'валюта': 'руб.'}",https://hh.ru/vacancy/69802072?query=%D0%B0%D0%BD%D0%B0%D0%BB%D0%B8%D1%82%D0%B8%D0%BA%20big%20data,Data Engineer
https://hh.ru/vacancy/69896015?query=%D0%B0%D0%BD%D0%B0%D0%BB%D0%B8%D1%82%D0%B8%D0%BA%20big%20data,EGGНEADS,"{'от': None, 'до': None, 'валюта': None}",https://hh.ru/vacancy/69896015?query=%D0%B0%D0%BD%D0%B0%D0%BB%D0%B8%D1%82%D0%B8%D0%BA%20big%20data,Помощник Devops (удалённая работа)
https://hh.ru/vacancy/69907063?query=%D0%B0%D0%BD%D0%B0%D0%BB%D0%B8%D1%82%D0%B8%D0%BA%20big%20data,Яндекс,"{'от': None, 'до': None, 'валюта': None}",https://hh.ru/vacancy/69907063?query=%D0%B0%D0%BD%D0%B0%D0%BB%D0%B8%D1%82%D0%B8%D0%BA%20big%20data,Менеджер проектов в Авто.ру
https://hh.ru/vacancy/69862083?query=%D0%B0%D0%BD%D0%B0%D0%BB%D0%B8%D1%82%D0%B8%D0%BA%20big%20data,EGGНEADS,"{'от': 150000, 'до': None, 'валюта': 'руб.'}",https://hh.ru/vacancy/69862083?query=%D0%B0%D0%BD%D0%B0%D0%BB%D0%B8%D1%82%D0%B8%D0%BA%20big%20data,Product manager / Product Owner (удалённо)
https://hh.ru/vacancy/69866026?query=%D0%B0%D0%BD%D0%B0%D0%BB%D0%B8%D1%82%D0%B8%D0%BA%20big%20data,ОООHeadHunter::Product Management,"{'от': None, 'до': None, 'валюта': None}",https://hh.ru/vacancy/69866026?query=%D0%B0%D0%BD%D0%B0%D0%BB%D0%B8%D1%82%D0%B8%D0%BA%20big%20data,Менеджер продуктов DS/ML
https://hh.ru/vacancy/69874433?query=%D0%B0%D0%BD%D0%B0%D0%BB%D0%B8%D1%82%D0%B8%D0%BA%20big%20data,БКС Бизнес и процессы,"{'от': None, 'до': None, 'валюта': None}",https://hh.ru/vacancy/69874433?query=%D0%B0%D0%BD%D0%B0%D0%BB%D0%B8%D1%82%D0%B8%D0%BA%20big%20data,Investment banking analyst (IBD Analyst)
https://hh.ru/vacancy/69882715?query=%D0%B0%D0%BD%D0%B0%D0%BB%D0%B8%D1%82%D0%B8%D0%BA%20big%20data,Unilever,"{'от': None, 'до': None, 'валюта': None}",https://hh.ru/vacancy/69882715?query=%D0%B0%D0%BD%D0%B0%D0%BB%D0%B8%D1%82%D0%B8%D0%BA%20big%20data,Инженер данных / Data engineer
https://hh.ru/vacancy/69100666?query=%D0%B0%D0%BD%D0%B0%D0%BB%D0%B8%D1%82%D0%B8%D0%BA%20big%20data,ОООПЕТЕР-СЕРВИС Спецтехнологии,"{'от': None, 'до': None, 'валюта': None}",https://hh.ru/vacancy/69100666?query=%D0%B0%D0%BD%D0%B0%D0%BB%D0%B8%D1%82%D0%B8%D0%BA%20big%20data,Senior/ Middle+ Java разработчик
https://hh.ru/vacancy/69948664?query=%D0%B0%D0%BD%D0%B0%D0%BB%D0%B8%D1%82%D0%B8%D0%BA%20big%20data,ОООAxenix (ранее Accenture),"{'от': None, 'до': None, 'валюта': None}",https://hh.ru/vacancy/69948664?query=%D0%B0%D0%BD%D0%B0%D0%BB%D0%B8%D1%82%D0%B8%D0%BA%20big%20data,Руководитель проектов (SAP Hybris)
https://hh.ru/vacancy/69982109?query=%D0%B0%D0%BD%D0%B0%D0%BB%D0%B8%D1%82%D0%B8%D0%BA%20big%20data,CityAds Media,"{'от': None, 'до': None, 'валюта': None}",https://hh.ru/vacancy/69982109?query=%D0%B0%D0%BD%D0%B0%D0%BB%D0%B8%D1%82%D0%B8%D0%BA%20big%20data,Junior Affiliate Manager
https://hh.ru/vacancy/68352726?query=%D0%B0%D0%BD%D0%B0%D0%BB%D0%B8%D1%82%D0%B8%D0%BA%20big%20data,"VK, Одноклассники","{'от': None, 'до': None, 'валюта': None}",https://hh.ru/vacancy/68352726?query=%D0%B0%D0%BD%D0%B0%D0%BB%D0%B8%D1%82%D0%B8%D0%BA%20big%20data,Инженер по машинному обучению (Продуктовая безопасность)
https://hh.ru/vacancy/69961206?query=%D0%B0%D0%BD%D0%B0%D0%BB%D0%B8%D1%82%D0%B8%D0%BA%20big%20data,ПАОМТС Банк. IT,"{'от': None, 'до': None, 'валюта': None}",https://hh.ru/vacancy/69961206?query=%D0%B0%D0%BD%D0%B0%D0%BB%D0%B8%D1%82%D0%B8%D0%BA%20big%20data,Старший аналитик АБС ЦФТ
https://hh.ru/vacancy/69980676?query=%D0%B0%D0%BD%D0%B0%D0%BB%D0%B8%D1%82%D0%B8%D0%BA%20big%20data,Яндекс,"{'от': None, 'до': None, 'валюта': None}",https://hh.ru/vacancy/69980676?query=%D0%B0%D0%BD%D0%B0%D0%BB%D0%B8%D1%82%D0%B8%D0%BA%20big%20data,Corporate Development and M&A Senior Analyst
https://hh.ru/vacancy/55193451?query=%D0%B0%D0%BD%D0%B0%D0%BB%D0%B8%D1%82%D0%B8%D0%BA%20big%20data,Ozon Информационные технологии,"{'от': None, 'до': None, 'валюта': None}",https://hh.ru/vacancy/55193451?query=%D0%B0%D0%BD%D0%B0%D0%BB%D0%B8%D1%82%D0%B8%D0%BA%20big%20data,Руководитель отдела разработки хранилища данных
https://hh.ru/vacancy/69947403?query=%D0%B0%D0%BD%D0%B0%D0%BB%D0%B8%D1%82%D0%B8%D0%BA%20big%20data,SberAutoTech,"{'от': None, 'до': None, 'валюта': None}",https://hh.ru/vacancy/69947403?query=%D0%B0%D0%BD%D0%B0%D0%BB%D0%B8%D1%82%D0%B8%D0%BA%20big%20data,"Middle Data Analyst (Prediction, Autonomous Driving)"
